"author","POB","personal.x","family.x","personal.y","family.y","gender","race"
"Abby  Norman",,"Abby"," Norman","NA","NA","female",
"Ada Palmer",,"Ada","Palmer","Ada","Palmer","female",
"Agatha Christie",,"Agatha","Christie","Agatha","Christie","female","White"
"Alexandra David-Néel",,"Alexandra","David-Néel","Alexandra","David-Néel","female",
"Alexandra Gent",,"NA","NA","Alexandra","Gent","female",
"Alice Walker",,"Alice","Walker","Alice","Walker","female","Black"
"Alison Weir",,"Alison","Weir","Alison","Weir","female","White"
"Alyssa Cole",,"Alyssa","Cole","Alyssa","Cole","female","Black"
"Amanda Montell",,"Amanda","Montell","NA","NA","female",
"Aminatta Forna"," United Kingdom","Aminatta","Forna","Aminatta","Forna","female","Black"
"Amy Attorney Delpo",,"Amy","Attorney Delpo","Amy","Attorney Delpo","female",
"Amy Tan",,"Amy","Tan","Amy","Tan","female","Asian"
"Amy Thomson",,"Amy","Thomson","Amy","Thomson","female",
"Angela Flournoy",,"Angela","Flournoy","NA","NA","female",
"Angie Thomas",,"Angie","Thomas","NA","NA","female",
"Anita Diamant",,"Anita","Diamant","Anita","Diamant","female","White"
"Ann Leckie",,"Ann","Leckie","NA","NA","female",
"Ann M. Martin",,"NA","NA","Ann","M. Martin","female",
"Ann Radcliffe",,"Ann","Radcliffe","NA","NA","female","White"
"Ann Turner",,"Ann","Turner","Ann","Turner","female",
"Anna Siewierska",,"Anna","Siewierska","NA","NA","female",
"Anne  Meredith",,"NA","NA","Anne"," Meredith","female",
"Anne Brontë","United Kingdom","Anne","Brontë","Anne","Brontë","female","White"
"Anne Fadiman",,"Anne","Fadiman","Anne","Fadiman","female",
"Anne Frank","United Kingdom","Anne","Frank","Anne","Frank","female","White"
"Annelie Wendeberg",,"Annelie","Wendeberg","Annelie","Wendeberg","female","White"
"Ariel Levy",,"Ariel","Levy","Ariel","Levy","female","White"
"Asha Kanwar",,"NA","NA","Asha","Kanwar","female",
"Astrid Lindgren",,"Astrid","Lindgren","Astrid","Lindgren","female",
"Attica Locke",,"Attica","Locke","NA","NA","female",
"Audre Lorde",,"Audre","Lorde","NA","NA","female","Black"
"Audrey Niffenegger",,"Audrey","Niffenegger","Audrey","Niffenegger","female","White"
"Ayaan Hirsi Ali",,"Ayaan","Hirsi Ali","Ayaan","Hirsi Ali","female","Black"
"Ayn Rand",,"Ayn","Rand","Ayn","Rand","female","White"
"Barbara Dancygier",,"Barbara","Dancygier","NA","NA","female",
"Barbara Ehrenreich",,"Barbara","Ehrenreich","Barbara","Ehrenreich","female","White"
"Barbara Graymont",,"Barbara","Graymont","NA","NA","female",
"Barbara Haber",,"Barbara","Haber","Barbara","Haber","female",
"Barbara Kingsolver",,"Barbara","Kingsolver","Barbara","Kingsolver","female","White"
"Barbara Vine",,"Barbara","Vine","NA","NA","female",
"Basma Abdel Aziz",,"Basma","Abdel Aziz","Basma","Abdel Aziz","female","Middle Eastern"
"Beth Seidel Levine",,"Beth","Seidel Levine","Beth","Seidel Levine","female",
"Betty  Smith","United States","Betty"," Smith","Betty"," Smith","female","White"
"Blu Greenberg",,"Blu","Greenberg","Blu","Greenberg","female","White"
"Brenda Fowler",,"Brenda","Fowler","Brenda","Fowler","female",
"Carol  Anderson","United States","Carol"," Anderson","Carol"," Anderson","female","Black"
"Carol Ann Rinzler",,"Carol","Ann Rinzler","Carol","Ann Rinzler","female",
"Caroline Criado Perez",,"NA","NA","Caroline","Criado Perez","female",
"Caroline Criado-Pérez",,"Caroline","Criado-Pérez","NA","NA","female",
"Carolyn McCarthy",,"Carolyn","McCarthy","Carolyn","McCarthy","female",
"Carolyn Meyer",,"NA","NA","Carolyn","Meyer","female",
"Catharine Maria Sedgwick",,"Catharine","Maria Sedgwick","NA","NA","female",
"Celia Lowenthal",,"NA","NA","Celia","Lowenthal","female",
"Charlotte Brontë","United Kingdom","Charlotte","Brontë","Charlotte","Brontë","female","White"
"Charlotte E. Fonrobert",,"Charlotte","E. Fonrobert","Charlotte","E. Fonrobert","female",
"Chimamanda Ngozi Adichie",,"Chimamanda","Ngozi Adichie","Chimamanda","Ngozi Adichie","female","Black"
"Christina Dalcher",,"Christina","Dalcher","Christina","Dalcher","female",
"Claudia Rankine",,"Claudia","Rankine","NA","NA","female",
"Clemantine Wamariya","Rwanda","Clemantine","Wamariya","NA","NA","female","Black"
"Colleen McCullough",,"Colleen","McCullough","Colleen","McCullough","female","White"
"Conceição Evaristo",,"NA","NA","Conceição","Evaristo","female","Black"
"Connie Rose Porter",,"Connie","Rose Porter","Connie","Rose Porter","female",
"Connie Willis",,"Connie","Willis","Connie","Willis","female","White"
"Corrie ten Boom",,"Corrie","ten Boom","Corrie","ten Boom","female","White"
"Crystal S. Chan",,"NA","NA","Crystal","S. Chan","female",
"Cynthia Leitich Smith",,"Cynthia","Leitich Smith","NA","NA","female","Native"
"Danielle Corsetto",,"Danielle","Corsetto","Danielle","Corsetto","female",
"Danielle Ofri",,"Danielle","Ofri","Danielle","Ofri","female",
"Danielle Teller",,"Danielle","Teller","Danielle","Teller","female",
"Debbie Dadey",,"NA","NA","Debbie","Dadey","female",
"Diana Wynne Jones",,"NA","NA","Diana","Wynne Jones","female","White"
"Diane Ravitch",,"Diane","Ravitch","Diane","Ravitch","female",
"Dorothy Gilman",,"Dorothy","Gilman","NA","NA","female","White"
"Dorothy L. Sayers",,"Dorothy","L. Sayers","NA","NA","female","White"
"E. Nesbit",,"E.","Nesbit","E.","Nesbit","female","White"
"Ebony Elizabeth Thomas",,"NA","NA","Ebony","Elizabeth Thomas","female",
"Eden Robinson",,"Eden","Robinson","NA","NA","female",
"Edith Holden",,"NA","NA","Edith","Holden","female",
"Eleanor Sleath",,"Eleanor","Sleath","NA","NA","female",
"Eleanor Taylor Bland",,"Eleanor","Taylor Bland","NA","NA","female","Black"
"Eliza Parsons",,"Eliza","Parsons","NA","NA","female",
"Elizabeth  Little",,"Elizabeth"," Little","Elizabeth"," Little","female",
"Elizabeth Gaskell",,"Elizabeth","Gaskell","NA","NA","female",
"Ellen Banda-Aaku",,"NA","NA","Ellen","Banda-Aaku","female",
"Ellen Emerson White",,"Ellen","Emerson White","Ellen","Emerson White","female",
"Ellen Wilkinson",,"NA","NA","Ellen","Wilkinson","female",
"Emily Brontë","United Kingdom","Emily","Brontë","Emily","Brontë","female","White"
"Emily Nussbaum","United States","Emily","Nussbaum","Emily","Nussbaum","female",
"Emma Donoghue",,"Emma","Donoghue","Emma","Donoghue","female",
"Erin Meyer",,"Erin","Meyer","Erin","Meyer","female",
"Erin Pizzey",,"Erin","Pizzey","NA","NA","female",
"Esi Edugyan","Canada","Esi","Edugyan","Esi","Edugyan","female","Black"
"Esosa Kolawole",,"NA","NA","Esosa","Kolawole","female","Black"
"Faith Erin Hicks",,"NA","NA","Faith","Erin Hicks","female",
"Flann O'Brien",,"NA","NA","Flann","O'Brien","female","White"
"Flora Annie Steel",,"Flora","Annie Steel","Flora","Annie Steel","female",
"George Eliot",,"George","Eliot","NA","NA","female","White"
"Gloria Naylor",,"NA","NA","Gloria","Naylor","female","Black"
"Grace L. Dillon",,"Grace","L. Dillon","Grace","L. Dillon","female",
"Gretchen McCulloch",,"NA","NA","Gretchen","McCulloch","female","White"
"Harper Lee",,"Harper","Lee","Harper","Lee","female",
"Harriet A. Washington",,"Harriet","A. Washington","Harriet","A. Washington","female",
"Harriet Ann Jacobs",,"Harriet","Ann Jacobs","Harriet","Ann Jacobs","female",
"Harriet Beecher Stowe",,"Harriet","Beecher Stowe","Harriet","Beecher Stowe","female","White"
"Harriet Lerner",,"Harriet","Lerner","Harriet","Lerner","female","White"
"Hawa Abdi",,"NA","NA","Hawa","Abdi","female","Black"
"Hazel Harrison",,"Hazel","Harrison","Hazel","Harrison","female",
"Helen Oyeyemi",,"Helen","Oyeyemi","Helen","Oyeyemi","female",
"Helene Wecker",,"Helene","Wecker","Helene","Wecker","female",
"Hope Nicholson","Canada","Hope","Nicholson","Hope","Nicholson","female",
"Ijeoma Oluo",,"Ijeoma","Oluo","Ijeoma","Oluo","female","Black"
"Imbolo Mbue","Cameroon","Imbolo","Mbue","Imbolo","Mbue","female","Black"
"Irene Duke",,"Irene","Duke","Irene","Duke","female",
"Isabel Greenberg",,"Isabel","Greenberg","Isabel","Greenberg","female",
"J.K. Rowling",,"J.K.","Rowling","J.K.","Rowling","female","White"
"Jacqueline Woodson",,"Jacqueline","Woodson","NA","NA","female",
"Jane Austen","United Kingdom","Jane","Austen","Jane","Austen","female","White"
"Jane Davenport",,"Jane","Davenport","Jane","Davenport","female",
"Jane Smiley",,"Jane","Smiley","NA","NA","female","White"
"Janet Beeler Shaw",,"Janet","Beeler Shaw","Janet","Beeler Shaw","female",
"Janet Campbell Hale","United States","Janet","Campbell Hale","NA","NA","female","Native"
"Jasmine Guillory",,"Jasmine","Guillory","NA","NA","female",
"Jeanne Wakatsuki Houston",,"Jeanne","Wakatsuki Houston","Jeanne","Wakatsuki Houston","female",
"Jennifer Clement",,"Jennifer","Clement","Jennifer","Clement","female",
"Jennifer Nansubuga Makumbi",,"Jennifer","Nansubuga Makumbi","Jennifer","Nansubuga Makumbi","female",
"Jennifer Worth",,"Jennifer","Worth","Jennifer","Worth","female",
"Jesmyn Ward",,"Jesmyn","Ward","NA","NA","female",
"Jessa Crispin",,"Jessa","Crispin","Jessa","Crispin","female",
"Jessica Shattuck",,"Jessica","Shattuck","Jessica","Shattuck","female",
"Joy Harjo","United States","Joy","Harjo","NA","NA","female","Native"
"Joyce Hansen",,"Joyce","Hansen","Joyce","Hansen","female",
"Judith Flanders",,"Judith","Flanders","Judith","Flanders","female",
"Judith Plaskow",,"Judith","Plaskow","Judith","Plaskow","female","White"
"Judith R. Baskin",,"Judith","R. Baskin","Judith","R. Baskin","female",
"Julia Serano",,"Julia","Serano","Julia","Serano","female",
"K.A. Applegate",,"NA","NA","K.A.","Applegate","female","White"
"Kaitlyn Greenidge",,"Kaitlyn","Greenidge","NA","NA","female",
"Karen Armstrong",,"Karen","Armstrong","Karen","Armstrong","female","White"
"Karen Lord",,"NA","NA","Karen","Lord","female",
"Katherena Vermette",,"Katherena","Vermette","Katherena","Vermette","female",
"Katherine Applegate",,"NA","NA","Katherine","Applegate","female","White"
"Kathleen Rooney",,"NA","NA","Kathleen","Rooney","female",
"Kathryn Lasky",,"Kathryn","Lasky","Kathryn","Lasky","female",
"Kathryn Stockett",,"Kathryn","Stockett","Kathryn","Stockett","female",
"Kelly Wels",,"Kelly","Wels","Kelly","Wels","female",
"Kory Stamper",,"Kory","Stamper","Kory","Stamper","female",
"Kristiana Gregory",,"Kristiana","Gregory","Kristiana","Gregory","female",
"L.M. Montgomery","Canada","L.M.","Montgomery","L.M.","Montgomery","female","White"
"Laura Ingalls Wilder","United States","Laura","Ingalls Wilder","Laura","Ingalls Wilder","female","White"
"Laura Lee Gulledge",,"Laura","Lee Gulledge","Laura","Lee Gulledge","female",
"Lauren Beukes","South Africa","Lauren","Beukes","Lauren","Beukes","female",
"Leah Hager Cohen",,"Leah","Hager Cohen","Leah","Hager Cohen","female","White"
"Leanne Betasamosake Simpson",,"NA","NA","Leanne","Betasamosake Simpson","female",
"Leigh Bardugo",,"Leigh","Bardugo","Leigh","Bardugo","female",
"Leslie Marmon Silko","United States","Leslie","Marmon Silko","Leslie","Marmon Silko","female","Native"
"Leslie Meier",,"Leslie","Meier","Leslie","Meier","female","White"
"Lila Bowen",,"Lila","Bowen","Lila","Bowen","female",
"Lily Mabura",,"NA","NA","Lily","Mabura","female",
"Lola Shoneyin",,"Lola","Shoneyin","Lola","Shoneyin","female","Black"
"Louisa May Alcott","United States","Louisa","May Alcott","Louisa","May Alcott","female","White"
"Louise Erdrich","United States","Louise","Erdrich","Louise","Erdrich","female","Native"
"Lucy Worsley",,"Lucy","Worsley","Lucy","Worsley","female",
"M.F.K. Fisher",,"NA","NA","M.F.K.","Fisher","female","White"
"Madeleine L'Engle",,"Madeleine","L'Engle","Madeleine","L'Engle","female","White"
"Maggie Anton",,"Maggie","Anton","Maggie","Anton","female","White"
"Malla Nunn","Swaziland","Malla","Nunn","Malla","Nunn","female","Black"
"Margalit Fox",,"Margalit","Fox","Margalit","Fox","female",
"Margaret Atwood",,"Margaret","Atwood","Margaret","Atwood","female","White"
"Margaret Kessler",,"Margaret","Kessler","Margaret","Kessler","female",
"Margaret Millar",,"Margaret","Millar","NA","NA","female",
"Margaret S. Livingstone",,"Margaret","S. Livingstone","Margaret","S. Livingstone","female",
"Margaret Sanger",,"Margaret","Sanger","NA","NA","female",
"Margaret Visser",,"Margaret","Visser","Margaret","Visser","female",
"Margaret Wehrenberg",,"Margaret","Wehrenberg","Margaret","Wehrenberg","female",
"Margaret Wilkerson Sexton",,"Margaret","Wilkerson Sexton","NA","NA","female",
"Marge Piercy",,"NA","NA","Marge","Piercy","female",
"Maria Edgeworth",,"Maria","Edgeworth","NA","NA","female",
"Mariama Bâ",,"NA","NA","Mariama","Bâ","female","Black"
"MariJo Moore",,"MariJo","Moore","NA","NA","female",
"Marissa Meyer",,"Marissa","Meyer","Marissa","Meyer","female",
"Marjane Satrapi",,"Marjane","Satrapi","Marjane","Satrapi","female",
"Marjorie Shostak",,"Marjorie","Shostak","Marjorie","Shostak","female",
"Mary  Kelly",,"NA","NA","Mary"," Kelly","female",
"Mary Matsuda Gruenewald",,"Mary","Matsuda Gruenewald","Mary","Matsuda Gruenewald","female",
"Mary Norton",,"Mary","Norton","Mary","Norton","female",
"Mary Pope Osborne",,"NA","NA","Mary","Pope Osborne","female","White"
"Mary Wollstonecraft Shelley",,"Mary","Wollstonecraft Shelley","NA","NA","female","White"
"Marya Hornbacher",,"Marya","Hornbacher","Marya","Hornbacher","female",
"N.K. Jemisin",,"NA","NA","N.K.","Jemisin","female","Black"
"Nalo Hopkinson",,"Nalo","Hopkinson","Nalo","Hopkinson","female","Black"
"Namwali Serpell","Zambia","Namwali","Serpell","Namwali","Serpell","female","Black"
"Nancy Day",,"Nancy","Day","Nancy","Day","female",
"Nancy Farmer",,"Nancy","Farmer","Nancy","Farmer","female",
"Naomi Jackson",,"Naomi","Jackson","NA","NA","female",
"Naomi Novik",,"Naomi","Novik","Naomi","Novik","female","White"
"Naomi Oreskes",,"Naomi","Oreskes","NA","NA","female",
"Naomi Wolf",,"Naomi","Wolf","NA","NA","female",
"Nikki Giovanni",,"NA","NA","Nikki","Giovanni","female","Black"
"Nina G. Jablonski",,"Nina","G. Jablonski","Nina","G. Jablonski","female",
"Nisi Shawl",,"Nisi","Shawl","Nisi","Shawl","female","Black"
"Nnedi Okorafor","United States","Nnedi","Okorafor","Nnedi","Okorafor","female","Black"
"Nora DeLoach",,"Nora","DeLoach","Nora","DeLoach","female",
"NoViolet Bulawayo",,"NA","NA","NoViolet","Bulawayo","female","Black"
"Octavia E. Butler",,"Octavia","E. Butler","Octavia","E. Butler","female","Black"
"Oyinkan Braithwaite",,"Oyinkan","Braithwaite","NA","NA","female","Black"
"Pamela Regis",,"Pamela","Regis","NA","NA","female",
"Patricia C. McKissack",,"Patricia","C. McKissack","Patricia","C. McKissack","female",
"Patricia C. Wrede",,"Patricia","C. Wrede","Patricia","C. Wrede","female","White"
"Paula Gunn Allen","United States","Paula","Gunn Allen","NA","NA","female","Native"
"Peg Meier",,"Peg","Meier","Peg","Meier","female",
"Penelope Fitzgerald",,"Penelope","Fitzgerald","NA","NA","female",
"Phyllis A. Whitney",,"Phyllis","A. Whitney","Phyllis","A. Whitney","female",
"Phyllis Rose",,"Phyllis","Rose","Phyllis","Rose","female","White"
"Qanta A. Ahmed",,"Qanta","A. Ahmed","Qanta","A. Ahmed","female",
"Rachel Biale",,"Rachel","Biale","Rachel","Biale","female",
"Rachel Herz",,"Rachel","Herz","Rachel","Herz","female",
"Rebecca Roanhorse",,"Rebecca","Roanhorse","NA","NA","female","Native"
"Rebecca Skloot",,"Rebecca","Skloot","Rebecca","Skloot","female","White"
"Rebecca Wells",,"Rebecca","Wells","Rebecca","Wells","female",
"Robin DiAngelo",,"Robin","DiAngelo","Robin","DiAngelo","female","White"
"Roxane Gay",,"Roxane","Gay","Roxane","Gay","female","Black"
"Roxanne Dunbar-Ortiz",,"Roxanne","Dunbar-Ortiz","Roxanne","Dunbar-Ortiz","female",
"Ruha Benjamin",,"NA","NA","Ruha","Benjamin","female","Black"
"Safiya Umoja Noble",,"Safiya","Umoja Noble","Safiya","Umoja Noble","female","Black"
"Saidiya Hartman",,"Saidiya","Hartman","Saidiya","Hartman","female","Black"
"Sally Berkovic",,"Sally","Berkovic","Sally","Berkovic","female",
"Sandra Uwiringiyimana",,"NA","NA","Sandra","Uwiringiyimana","female",
"Sara Baume",,"Sara","Baume","Sara","Baume","female",
"Sarah G. Thomason",,"Sarah","G. Thomason","NA","NA","female",
"Sarah Gerard",,"Sarah","Gerard","Sarah","Gerard","female",
"Sarah McBride",,"Sarah","McBride","Sarah","McBride","female",
"Seanan McGuire",,"Seanan","McGuire","Seanan","McGuire","female","White"
"Shani Boianjiu",,"Shani","Boianjiu","Shani","Boianjiu","female","White"
"Sherry Garland",,"NA","NA","Sherry","Garland","female",
"Shoshana S. Bennett",,"Shoshana","S. Bennett","Shoshana","S. Bennett","female","White"
"Sophie  Goldstein",,"Sophie"," Goldstein","Sophie"," Goldstein","female","White"
"Sue Burke",,"Sue","Burke","NA","NA","female",
"Sue Grafton",,"Sue","Grafton","Sue","Grafton","female",
"Sue Nyathi",,"Sue","Nyathi","NA","NA","female",
"Susan A. Ambrose",,"Susan","A. Ambrose","Susan","A. Ambrose","female",
"Susan Campbell Bartoletti",,"Susan","Campbell Bartoletti","Susan","Campbell Bartoletti","female",
"Susan Deer Cloud","United States","Susan","Deer Cloud","NA","NA","female","Native"
"Susan S. Adler",,"NA","NA","Susan","S. Adler","female",
"Susannah Carson",,"Susannah","Carson","Susannah","Carson","female",
"Suzanne Collins",,"Suzanne","Collins","Suzanne","Collins","female",
"Sylvia Plath",,"Sylvia","Plath","Sylvia","Plath","female","White"
"Tamar El-Or",,"Tamar","El-Or","Tamar","El-Or","female",
"Tamora Pierce",,"Tamora","Pierce","Tamora","Pierce","female","White"
"Tananarive Due",,"Tananarive","Due","Tananarive","Due","female","Black"
"Terese Marie Mailhot",,"Terese","Marie Mailhot","NA","NA","female",
"Theodora Kroeber",,"Theodora","Kroeber","Theodora","Kroeber","female",
"Therese Huston",,"Therese","Huston","Therese","Huston","female",
"Tomi Adeyemi",,"Tomi","Adeyemi","Tomi","Adeyemi","female","Black"
"Toni Morrison",,"Toni","Morrison","Toni","Morrison","female","Black"
"Tracy L. Barr",,"Tracy","L. Barr","Tracy","L. Barr","female",
"Trisha R. Thomas",,"Trisha","R. Thomas","NA","NA","female",
"Unity Dow","Botswana","NA","NA","Unity","Dow","female","Black"
"Ursula Dubosarsky",,"Ursula","Dubosarsky","Ursula","Dubosarsky","female",
"Ursula K. Le Guin",,"Ursula","K. Le Guin","Ursula","K. Le Guin","female","White"
"Valerie Tripp",,"NA","NA","Valerie","Tripp","female",
"Vernā Myers",,"Vernā","Myers","Vernā","Myers","female","Black"
"Virginia Woolf",,"Virginia","Woolf","Virginia","Woolf","female","White"
"Yaa Gyasi",,"Yaa","Gyasi","Yaa","Gyasi","female","Black"
"Yvonne Vera",,"NA","NA","Yvonne","Vera","female",
"Zadie Smith",,"Zadie","Smith","NA","NA","female","Black"
"Zoë Wicomb",,"Zoë","Wicomb","Zoë","Wicomb","female","Black"
"Zora Neale Hurston",,"Zora","Neale Hurston","Zora","Neale Hurston","female","black"
"A.A. Milne",,"A.A.","Milne","NA","NA","male","White"
"A.E.W. Mason",,"A.E.W.","Mason","NA","NA","male","White"
"Abdellah Taïa",,"NA","NA","Abdellah","Taïa","male",
"Abraham Joshua Heschel",,"Abraham","Joshua Heschel","Abraham","Joshua Heschel","male","White"
"Adam Roberts","United Kingdom","Adam","Roberts","Adam","Roberts","male",
"Adin Even-Israel Steinsaltz",,"Adin","Even-Israel Steinsaltz","Adin","Even-Israel Steinsaltz","male","White"
"Ahmadou Kourouma",,"NA","NA","Ahmadou","Kourouma","male","Black"
"Alan Brennert",,"Alan","Brennert","Alan","Brennert","male",
"Alan Moore",,"NA","NA","Alan","Moore","male",
"Alberto Manguel",,"Alberto","Manguel","Alberto","Manguel","male",
"Alex       Johnson",,"Alex","      Johnson","NA","NA","male",
"Alex Haley",,"Alex","Haley","Alex","Haley","male","Black"
"Alex La Guma",,"NA","NA","Alex","La Guma","male",
"Alexander McCall Smith","Botswana","Alexander","McCall Smith","Alexander","McCall Smith","male","White"
"Alfred J. Kolatch",,"Alfred","J. Kolatch","Alfred","J. Kolatch","male",
"Alfred Lansing",,"Alfred","Lansing","Alfred","Lansing","male",
"Allan Edwin Rodway",,"NA","NA","Allan","Edwin Rodway","male",
"Allan Metcalf",,"Allan","Metcalf","Allan","Metcalf","male",
"Andrew Forrester",,"NA","NA","Andrew","Forrester","male",
"Andy Weir",,"Andy","Weir","Andy","Weir","male","White"
"Anthony Wynne",,"NA","NA","Anthony","Wynne","male",
"Antoine de Saint-Exupéry",,"Antoine","de Saint-Exupéry","Antoine","de Saint-Exupéry","male","White"
"Anton Treuer",,"Anton","Treuer","Anton","Treuer","male",
"Art Spiegelman",,"Art","Spiegelman","Art","Spiegelman","male","White"
"Arthur  Miller",,"Arthur"," Miller","Arthur"," Miller","male","White"
"Arthur Allen",,"Arthur","Allen","Arthur","Allen","male","White"
"Arthur C. Clarke",,"Arthur","C. Clarke","Arthur","C. Clarke","male","White"
"Arthur C. Danto",,"Arthur","C. Danto","Arthur","C. Danto","male",
"Arthur Conan Doyle",,"Arthur","Conan Doyle","Arthur","Conan Doyle","male","White"
"Augustine of Hippo",,"Augustine","of Hippo","Augustine","of Hippo","male","White"
"Barry  Deutsch",,"Barry"," Deutsch","Barry"," Deutsch","male","White"
"Barry Denenberg",,"Barry","Denenberg","Barry","Denenberg","male",
"Barry J. Blake",,"Barry","J. Blake","NA","NA","male",
"Barry W. Holtz",,"Barry","W. Holtz","Barry","W. Holtz","male",
"Bart D. Ehrman",,"Bart","D. Ehrman","Bart","D. Ehrman","male","White"
"Ben Aaronovitch",,"Ben","Aaronovitch","Ben","Aaronovitch","male","White"
"Benjamin  Wallace",,"Benjamin"," Wallace","Benjamin"," Wallace","male",
"Benjamin Hoff",,"Benjamin","Hoff","Benjamin","Hoff","male","White"
"Bernard Comrie",,"Bernard","Comrie","NA","NA","male",
"Bertrand Russell",,"Bertrand","Russell","Bertrand","Russell","male","White"
"Bill Bryson",,"Bill","Bryson","Bill","Bryson","male","White"
"Bob Reiss",,"Bob","Reiss","NA","NA","male",
"Boyd Tonkin",,"NA","NA","Boyd","Tonkin","male",
"Bram Stoker",,"Bram","Stoker","Bram","Stoker","male","White"
"Brandon Sanderson",,"Brandon","Sanderson","Brandon","Sanderson","male","White"
"Brendan Ó Cathaoir",,"Brendan","Ó Cathaoir","Brendan","Ó Cathaoir","male",
"Bruce Feiler",,"Bruce","Feiler","Bruce","Feiler","male",
"Bryan Sykes",,"Bryan","Sykes","Bryan","Sykes","male",
"Bryan Talbot",,"NA","NA","Bryan","Talbot","male",
"C.S. Lewis",,"C.S.","Lewis","C.S.","Lewis","male","White"
"Carl Sagan",,"Carl","Sagan","Carl","Sagan","male","White"
"Carl Zimmer",,"Carl","Zimmer","Carl","Zimmer","male","White"
"Carlos Ruiz Zafón",,"Carlos","Ruiz Zafón","Carlos","Ruiz Zafón","male",
"Chaim Potok",,"Chaim","Potok","Chaim","Potok","male","White"
"Chaim Trachtman",,"Chaim","Trachtman","Chaim","Trachtman","male",
"Charles C. Mann",,"Charles","C. Mann","Charles","C. Mann","male",
"Charles Darwin",,"Charles","Darwin","Charles","Darwin","male","White"
"Charles Dickens",,"Charles","Dickens","Charles","Dickens","male","White"
"Charles Hoff",,"NA","NA","Charles","Hoff","male",
"Charles Kingston",,"NA","NA","Charles","Kingston","male",
"Charles Mungoshi",,"NA","NA","Charles","Mungoshi","male",
"Charles Perrault",,"Charles","Perrault","Charles","Perrault","male",
"Charles R. Johnson",,"NA","NA","Charles","R. Johnson","male",
"Charles Stross",,"Charles","Stross","Charles","Stross","male","White"
"Chester Himes",,"Chester","Himes","NA","NA","male","Black"
"Chinua Achebe",,"Chinua","Achebe","Chinua","Achebe","male","Black"
"Christopher Booker",,"Christopher","Booker","NA","NA","male",
"Christopher Hastings",,"Christopher","Hastings","Christopher","Hastings","male",
"Christopher Okigbo",,"NA","NA","Christopher","Okigbo","male",
"Chuck Klosterman",,"Chuck","Klosterman","Chuck","Klosterman","male",
"Clint McElroy",,"Clint","McElroy","Clint","McElroy","male",
"Colin M. Turnbull",,"Colin","M. Turnbull","Colin","M. Turnbull","male",
"Colson Whitehead",,"Colson","Whitehead","Colson","Whitehead","male","Black"
"Conor McCreery",,"Conor","McCreery","Conor","McCreery","male",
"Craig Phillips",,"Craig","Phillips","Craig","Phillips","male",
"Craig Thompson",,"Craig","Thompson","Craig","Thompson","male",
"Cyril Hare",,"Cyril","Hare","NA","NA","male",
"Dalai Lama XIV",,"Dalai","Lama XIV","Dalai","Lama XIV","male","Asian"
"Dale Spender",,"Dale","Spender","NA","NA","male",
"Dan Ariely",,"Dan","Ariely","Dan","Ariely","male",
"Danez Smith",,"Danez","Smith","Danez","Smith","male","Black"
"Daniel C. Dennett",,"Daniel","C. Dennett","Daniel","C. Dennett","male","White"
"Daniel Defoe",,"Daniel","Defoe","Daniel","Defoe","male","White"
"Daniel H. Pink",,"Daniel","H. Pink","Daniel","H. Pink","male",
"Daniel Handler",,"Daniel","Handler","Daniel","Handler","male","White"
"Daniel Heath Justice",,"Daniel","Heath Justice","Daniel","Heath Justice","male",
"Daniel James Brown",,"Daniel","James Brown","Daniel","James Brown","male",
"Darrell Huff",,"Darrell","Huff","Darrell","Huff","male",
"Dave Pelzer",,"Dave","Pelzer","Dave","Pelzer","male",
"David   Coles",,"NA","NA","David","  Coles","male",
"David  Shapiro",,"David"," Shapiro","David"," Shapiro","male",
"David  Walton",,"David"," Walton","David"," Walton","male",
"David Hurst Thomas",,"David","Hurst Thomas","David","Hurst Thomas","male",
"David J. Morris",,"David","J. Morris","David","J. Morris","male",
"David Laskin",,"David","Laskin","David","Laskin","male",
"David Markson",,"David","Markson","David","Markson","male",
"David Treuer","United States","David","Treuer","David","Treuer","male","Native"
"David von Drehle",,"David","von Drehle","David","von Drehle","male",
"Dennis Brutus",,"NA","NA","Dennis","Brutus","male",
"Dennis Prager",,"Dennis","Prager","Dennis","Prager","male",
"Derek Bickerton",,"Derek","Bickerton","Derek","Bickerton","male",
"Donald R. Prothero",,"Donald","R. Prothero","Donald","R. Prothero","male",
"Douglas Adams",,"Douglas","Adams","Douglas","Adams","male","White"
"Douglas Preston",,"Douglas","Preston","Douglas","Preston","male",
"Edgar Rice Burroughs",,"Edgar","Rice Burroughs","NA","NA","male","White"
"Edmund Crispin",,"Edmund","Crispin","Edmund","Crispin","male","White"
"Eduardo Bonilla-Silva",,"Eduardo","Bonilla-Silva","Eduardo","Bonilla-Silva","male","Black"
"Edward Eager",,"Edward","Eager","Edward","Eager","male","White"
"Edward Grierson",,"Edward","Grierson","NA","NA","male",
"Edwin A. Abbott",,"Edwin","A. Abbott","Edwin","A. Abbott","male",
"Elie Wiesel",,"Elie","Wiesel","Elie","Wiesel","male","White"
"Ellery Queen",,"Ellery","Queen","NA","NA","male","White"
"Elliot N. Dorff",,"Elliot","N. Dorff","Elliot","N. Dorff","male","White"
"Emmanuel Dongala",,"NA","NA","Emmanuel","Dongala","male",
"Eric Gansworth",,"Eric","Gansworth","NA","NA","male",
"Eric Shanower",,"Eric","Shanower","Eric","Shanower","male",
"Erik Larson",,"Erik","Larson","NA","NA","male",
"Erik Sass",,"Erik","Sass","Erik","Sass","male",
"Ernest Cline",,"NA","NA","Ernest","Cline","male",
"Ezekiel Mphahlele","South Africa","NA","NA","Ezekiel","Mphahlele","male","Black"
"Ferdinand Oyono",,"NA","NA","Ferdinand","Oyono","male",
"Franco Moretti",,"Franco","Moretti","Franco","Moretti","male",
"Frank Herbert",,"Frank","Herbert","NA","NA","male",
"Frank McCourt",,"Frank","McCourt","Frank","McCourt","male","White"
"Franz Kafka",,"Franz","Kafka","Franz","Kafka","male","White"
"Fred Van Lente",,"Fred","Van Lente","Fred","Van Lente","male",
"Frederick C. Crews",,"Frederick","C. Crews","Frederick","C. Crews","male",
"Fredrik Backman",,"Fredrik","Backman","Fredrik","Backman","male","White"
"Freeman Wills Crofts",,"NA","NA","Freeman","Wills Crofts","male","White"
"Gary Chapman",,"Gary","Chapman","Gary","Chapman","male","White"
"Geoffrey R. Stone",,"Geoffrey","R. Stone","Geoffrey","R. Stone","male",
"George    Robinson",,"George","   Robinson","George","   Robinson","male",
"George Bellairs",,"George","Bellairs","George","Bellairs","male","White"
"George Orwell",,"George","Orwell","George","Orwell","male","White"
"George R.R. Martin",,"George","R.R. Martin","George","R.R. Martin","male","White"
"George Takei",,"NA","NA","George","Takei","male","Asian"
"Gerald Vizenor","United States","Gerald","Vizenor","NA","NA","male","Native"
"Greg Keyes",,"Greg","Keyes","Greg","Keyes","male",
"Gregory  Hill",,"Gregory"," Hill","Gregory"," Hill","male",
"Gustave Flaubert",,"Gustave","Flaubert","NA","NA","male",
"Guy Delisle",,"NA","NA","Guy","Delisle","male",
"Guy Deutscher",,"Guy","Deutscher","Guy","Deutscher","male",
"H.G. Wells",,"H.G.","Wells","H.G.","Wells","male",
"Harry Kemelman",,"Harry","Kemelman","NA","NA","male",
"Hayim Halevy Donin",,"Hayim","Halevy Donin","Hayim","Halevy Donin","male",
"Heinrich Harrer",,"Heinrich","Harrer","Heinrich","Harrer","male",
"Henry David Thoreau",,"Henry","David Thoreau","Henry","David Thoreau","male",
"Henry Kisor",,"Henry","Kisor","Henry","Kisor","male",
"Herman Wouk",,"Herman","Wouk","Herman","Wouk","male",
"Homer",,"Homer",,"Homer",,"male",
"Horace Walpole",,"Horace","Walpole","NA","NA","male",
"Iain Pears",,"Iain","Pears","Iain","Pears","male",
"Ian Mortimer",,"Ian","Mortimer","Ian","Mortimer","male",
"Ian Tregillis",,"Ian","Tregillis","Ian","Tregillis","male",
"Ibram X. Kendi",,"NA","NA","Ibram","X. Kendi","male",
"Irving Greenberg",,"Irving","Greenberg","Irving","Greenberg","male",
"Ishmael Beah",,"NA","NA","Ishmael","Beah","male",
"Ishmael Reed",,"Ishmael","Reed","Ishmael","Reed","male",
"Italo Calvino",,"Italo","Calvino","NA","NA","male",
"Ivan Turgenev",,"Ivan","Turgenev","NA","NA","male",
"Jack Lynch",,"Jack","Lynch","Jack","Lynch","male",
"Jack Mapanje",,"NA","NA","Jack","Mapanje","male",
"Jack Miles",,"Jack","Miles","Jack","Miles","male",
"Jacob Neusner",,"Jacob","Neusner","Jacob","Neusner","male",
"Jacques Tardi",,"NA","NA","Jacques","Tardi","male",
"Jamaal May",,"Jamaal","May","NA","NA","male",
"James Abel",,"James","Abel","James","Abel","male",
"James Commey",,"NA","NA","James","Commey","male",
"James D. Doss",,"James","D. Doss","NA","NA","male",
"James Fenimore Cooper",,"James","Fenimore Cooper","NA","NA","male",
"James Finn Garner",,"James","Finn Garner","James","Finn Garner","male",
"James Hogg",,"James","Hogg","NA","NA","male",
"James L. Kugel",,"James","L. Kugel","James","L. Kugel","male",
"James W. Loewen",,"James","W. Loewen","James","W. Loewen","male",
"James Welch",,"James","Welch","NA","NA","male",
"James White",,"James","White","NA","NA","male",
"Jason  Stearns",,"Jason"," Stearns","Jason"," Stearns","male",
"Jason Reynolds",,"Jason","Reynolds","NA","NA","male",
"Jasper Fforde",,"Jasper","Fforde","Jasper","Fforde","male",
"Jay Hosler",,"Jay","Hosler","Jay","Hosler","male",
"jayy dodd",,"jayy","dodd","NA","NA","male",
"Jean Toomer",,"Jean","Toomer","Jean","Toomer","male",
"Jeremy Love",,"Jeremy","Love","Jeremy","Love","male",
"Jeremy Sorese",,"Jeremy","Sorese","Jeremy","Sorese","male",
"Jerome D. Schein",,"Jerome","D. Schein","Jerome","D. Schein","male",
"Jerry A. Coyne",,"Jerry","A. Coyne","Jerry","A. Coyne","male",
"Jim  Murphy",,"Jim"," Murphy","Jim"," Murphy","male",
"Jim Ottaviani",,"NA","NA","Jim","Ottaviani","male",
"Jo Nesbø",,"Jo","Nesbø","Jo","Nesbø","male",
"Joe Haldeman",,"Joe","Haldeman","Joe","Haldeman","male",
"Joe Simpson",,"Joe","Simpson","Joe","Simpson","male",
"Joel Christian Gill",,"NA","NA","Joel","Christian Gill","male",
"Joel Townsley Rogers",,"Joel","Townsley Rogers","NA","NA","male",
"John             Lewis",,"NA","NA","John","            Lewis","male",
"John  Bingham",,"John"," Bingham","NA","NA","male",
"John A. Holm",,"John","A. Holm","John","A. Holm","male",
"John Bude",,"NA","NA","John","Bude","male",
"John D. Preston",,"John","D. Preston","John","D. Preston","male",
"John Dickson Carr",,"NA","NA","John","Dickson Carr","male",
"John Franklin Bardin",,"John","Franklin Bardin","NA","NA","male",
"John Knowles",,"John","Knowles","John","Knowles","male",
"John L. Ransom",,"NA","NA","John","L. Ransom","male",
"John McWhorter",,"John","McWhorter","John","McWhorter","male",
"John Medina",,"John","Medina","John","Medina","male",
"John Rowland",,"NA","NA","John","Rowland","male",
"John Scalzi",,"John","Scalzi","John","Scalzi","male",
"John Steinbeck",,"John","Steinbeck","John","Steinbeck","male",
"John Stuart Mill",,"John","Stuart Mill","John","Stuart Mill","male",
"John Sutherland",,"John","Sutherland","John","Sutherland","male",
"Jonathan Case",,"Jonathan","Case","Jonathan","Case","male",
"Jonathan Clements",,"Jonathan","Clements","Jonathan","Clements","male",
"Jonathan Kahn",,"Jonathan","Kahn","Jonathan","Kahn","male",
"Jonathan Stephenson",,"Jonathan","Stephenson","Jonathan","Stephenson","male",
"Jonathan Swift",,"Jonathan","Swift","Jonathan","Swift","male",
"Jorge Luis Borges",,"Jorge","Luis Borges","Jorge","Luis Borges","male",
"Joseph Boyden",,"Joseph","Boyden","NA","NA","male",
"Joseph Bruchac",,"Joseph","Bruchac","NA","NA","male",
"Joseph Conrad",,"Joseph","Conrad","Joseph","Conrad","male",
"Joseph L. Graves Jr.",,"Joseph","L. Graves Jr.","Joseph","L. Graves Jr.","male",
"Joseph L. Mbele",,"NA","NA","Joseph","L. Mbele","male",
"Joseph Telushkin",,"Joseph","Telushkin","Joseph","Telushkin","male",
"Josepha Sherman",,"Josepha","Sherman","Josepha","Sherman","male",
"Joshua Hammer",,"Joshua","Hammer","NA","NA","male",
"Joshua Whitehead",,"Joshua","Whitehead","NA","NA","male",
"Jules Verne",,"Jules","Verne","Jules","Verne","male",
"Justin Cronin",,"NA","NA","Justin","Cronin","male",
"Justin McElroy",,"Justin","McElroy","Justin","McElroy","male",
"Karl Friedrich Kahlert",,"Karl","Friedrich Kahlert","NA","NA","male",
"Kurt Vonnegut",,"Kurt","Vonnegut","NA","NA","male",
"Kurt Vonnegut Jr.",,"NA","NA","Kurt","Vonnegut Jr.","male",
"Kyle Baker",,"NA","NA","Kyle","Baker","male",
"L. Frank Baum",,"L.","Frank Baum","L.","Frank Baum","male",
"Lao Tzu",,"Lao","Tzu","Lao","Tzu","male",
"Laurence Yep",,"Laurence","Yep","Laurence","Yep","male",
"Lawrence A. Hoffman",,"Lawrence","A. Hoffman","Lawrence","A. Hoffman","male",
"Lawrence Fine",,"Lawrence","Fine","Lawrence","Fine","male",
"Lawrence Goldstone",,"Lawrence","Goldstone","NA","NA","male",
"Lawrence Hill",,"Lawrence","Hill","Lawrence","Hill","male",
"Lemony Snicket",,"NA","NA","Lemony","Snicket","male",
"Leonard R. Gribble",,"NA","NA","Leonard","R. Gribble","male",
"Leonard Richardson",,"Leonard","Richardson","Leonard","Richardson","male",
"Lewis Carroll",,"Lewis","Carroll","Lewis","Carroll","male",
"Louis Sachar",,"Louis","Sachar","Louis","Sachar","male",
"Mark Abley",,"Mark","Abley","Mark","Abley","male",
"Mark Forsyth",,"Mark","Forsyth","Mark","Forsyth","male",
"Mark Twain",,"Mark","Twain","Mark","Twain","male",
"Marlon James",,"Marlon","James","NA","NA","male",
"Marquis de Sade",,"Marquis","de Sade","NA","NA","male",
"Martin Edwards",,"Martin","Edwards","Martin","Edwards","male",
"Mat Johnson",,"Mat","Johnson","Mat","Johnson","male",
"Matt Madden",,"NA","NA","Matt","Madden","male",
"Matt Ridley",,"Matt","Ridley","Matt","Ridley","male",
"Matt Ruff",,"Matt","Ruff","Matt","Ruff","male",
"Matthew Lewis",,"Matthew","Lewis","NA","NA","male",
"Matthew McIntosh",,"Matthew","McIntosh","Matthew","McIntosh","male",
"Maurice Carlos Ruffin","United States","Maurice","Carlos Ruffin","Maurice","Carlos Ruffin","male",
"Max Gladstone",,"Max","Gladstone","Max","Gladstone","male",
"Michael       Schmidt",,"NA","NA","Michael","      Schmidt","male",
"Michael    Gilbert",,"NA","NA","Michael","   Gilbert","male",
"Michael Carasik",,"Michael","Carasik","Michael","Carasik","male",
"Michael Chabon",,"NA","NA","Michael","Chabon","male",
"Michael Crichton",,"NA","NA","Michael","Crichton","male",
"Michael Ende",,"Michael","Ende","Michael","Ende","male",
"Michael J. Benton",,"Michael","J. Benton","Michael","J. Benton","male",
"Michael Pollan",,"Michael","Pollan","Michael","Pollan","male",
"Michael Shermer",,"Michael","Shermer","Michael","Shermer","male",
"Miguel de Cervantes Saavedra",,"NA","NA","Miguel","de Cervantes Saavedra","male",
"Mike   Phillips",,"Mike","  Phillips","NA","NA","male",
"Mike Carey",,"Mike","Carey","Mike","Carey","male",
"Mike Green",,"Mike","Green","Mike","Green","male",
"Miles Burton",,"NA","NA","Miles","Burton","male",
"Napoleon A. Chagnon",,"Napoleon","A. Chagnon","Napoleon","A. Chagnon","male",
"Natan Slifkin",,"Natan","Slifkin","Natan","Slifkin","male",
"Nathaniel Hawthorne",,"Nathaniel","Hawthorne","Nathaniel","Hawthorne","male",
"Nathaniel Philbrick",,"Nathaniel","Philbrick","Nathaniel","Philbrick","male",
"Neal Stephenson",,"Neal","Stephenson","Neal","Stephenson","male",
"Neil Barron",,"Neil","Barron","Neil","Barron","male",
"Neil Gaiman",,"Neil","Gaiman","Neil","Gaiman","male",
"Nelson Mandela",,"NA","NA","Nelson","Mandela","male",
"Nic Stone",,"Nic","Stone","NA","NA","male",
"Nicholas A. Basbanes",,"Nicholas","A. Basbanes","NA","NA","male",
"Nick Lane",,"Nick","Lane","Nick","Lane","male",
"Norton Juster",,"Norton","Juster","Norton","Juster","male",
"Nosson Scherman",,"Nosson","Scherman","Nosson","Scherman","male",
"Okot p'Bitek",,"NA","NA","Okot","p'Bitek","male",
"Oliver Sacks",,"Oliver","Sacks","Oliver","Sacks","male",
"Orson Scott Card",,"Orson","Scott Card","Orson","Scott Card","male",
"Oscar Wilde",,"Oscar","Wilde","Oscar","Wilde","male",
"Paul A. Offit",,"Paul","A. Offit","Paul","A. Offit","male",
"Paul Beatty",,"Paul","Beatty","NA","NA","male",
"Paul J. Hopper",,"Paul","J. Hopper","NA","NA","male",
"Peter  Abrahams",,"NA","NA","Peter"," Abrahams","male",
"Peter Bagge",,"NA","NA","Peter","Bagge","male",
"Peter C. Brown",,"Peter","C. Brown","Peter","C. Brown","male",
"Peter D. Moore",,"NA","NA","Peter","D. Moore","male",
"Peter Dickinson",,"Peter","Dickinson","NA","NA","male",
"Peter Mendelsund",,"Peter","Mendelsund","Peter","Mendelsund","male",
"Peter Menzel",,"Peter","Menzel","Peter","Menzel","male",
"Peter Shaffer",,"NA","NA","Peter","Shaffer","male",
"Philip Ball",,"Philip","Ball","Philip","Ball","male",
"Philip Gourevitch",,"Philip","Gourevitch","Philip","Gourevitch","male",
"Philip K. Dick",,"Philip","K. Dick","NA","NA","male",
"Philip Nel",,"Philip","Nel","Philip","Nel","male",
"Plato",,"Plato",,"Plato",,"male",
"R. Austin Freeman",,"R.","Austin Freeman","NA","NA","male",
"R.L. Stine",,"NA","NA","R.L.","Stine","male",
"Randall Munroe",,"Randall","Munroe","Randall","Munroe","male",
"Ray Bradbury",,"Ray","Bradbury","Ray","Bradbury","male",
"Raymond Postgate",,"Raymond","Postgate","Raymond","Postgate","male",
"Reinhard W. Sander",,"NA","NA","Reinhard","W. Sander","male",
"Reuven Hammer",,"Reuven","Hammer","Reuven","Hammer","male",
"Richard  Adams",,"Richard"," Adams","NA","NA","male",
"Richard Dawkins","Kenya","Richard","Dawkins","Richard","Dawkins","male",
"Richard E. Cytowic",,"Richard","E. Cytowic","Richard","E. Cytowic","male",
"Richard Elliott Friedman",,"Richard","Elliott Friedman","Richard","Elliott Friedman","male",
"Richard Francis",,"Richard","Francis","Richard","Francis","male",
"Richard Holloway",,"Richard","Holloway","Richard","Holloway","male",
"Richard Muhlberger",,"Richard","Muhlberger","Richard","Muhlberger","male",
"Richard Platt",,"Richard","Platt","Richard","Platt","male",
"Richard Rothstein",,"NA","NA","Richard","Rothstein","male",
"Richard Wagamese",,"Richard","Wagamese","NA","NA","male",
"Roald Dahl",,"Roald","Dahl","Roald","Dahl","male",
"Robert A. Heinlein",,"Robert","A. Heinlein","Robert","A. Heinlein","male",
"Robert Charles Wilson",,"Robert","Charles Wilson","Robert","Charles Wilson","male",
"Robert Frost",,"Robert","Frost","Robert","Frost","male",
"Robert H. Rhodes",,"NA","NA","Robert","H. Rhodes","male",
"Robert Holdstock",,"Robert","Holdstock","Robert","Holdstock","male",
"Robert L. Wolke",,"Robert","L. Wolke","Robert","L. Wolke","male",
"Robert Lacey",,"NA","NA","Robert","Lacey","male",
"Robert Lane Greene",,"Robert","Lane Greene","Robert","Lane Greene","male",
"Robert Player",,"Robert","Player","NA","NA","male",
"Robert Shea",,"Robert","Shea","Robert","Shea","male",
"Robert Steven Gottfried",,"Robert","Steven Gottfried","Robert","Steven Gottfried","male",
"Roger Harms",,"Roger","Harms","Roger","Harms","male",
"Roger Luckhurst",,"NA","NA","Roger","Luckhurst","male",
"Roland Owen Laird Jr.",,"NA","NA","Roland","Owen Laird Jr.","male",
"Ron Goulart",,"Ron","Goulart","Ron","Goulart","male",
"Ronald Knox",,"Ronald","Knox","NA","NA","male",
"Roy S. Berns",,"NA","NA","Roy","S. Berns","male",
"Roy Vickers",,"Roy","Vickers","Roy","Vickers","male",
"Rudyard Kipling",,"Rudyard","Kipling","Rudyard","Kipling","male",
"Rumi",,"Rumi",,"Rumi",,"male",
"Ryan North",,"Ryan","North","Ryan","North","male",
"Scott  Meyer",,"Scott"," Meyer","Scott"," Meyer","male",
"Scott Lynch",,"Scott","Lynch","Scott","Lynch","male",
"Scott McCloud",,"NA","NA","Scott","McCloud","male",
"Scott O'Dell",,"Scott","O'Dell","Scott","O'Dell","male",
"Scott Sigler",,"Scott","Sigler","Scott","Sigler","male",
"Sean B. Carroll",,"Sean","B. Carroll","Sean","B. Carroll","male",
"Sean Mcevoy",,"Sean","Mcevoy","Sean","Mcevoy","male",
"Shaun Bythell",,"NA","NA","Shaun","Bythell","male",
"Sherman Alexie",,"Sherman","Alexie","Sherman","Alexie","male",
"Sid Jacobson",,"NA","NA","Sid","Jacobson","male",
"Siddhartha Mukherjee",,"Siddhartha","Mukherjee","Siddhartha","Mukherjee","male",
"Simon J. Ortiz","United States","Simon","J. Ortiz","NA","NA","male",
"Simon Singh",,"Simon","Singh","Simon","Singh","male",
"Simon Winchester",,"Simon","Winchester","NA","NA","male",
"Solomon Northup",,"Solomon","Northup","Solomon","Northup","male",
"Sophocles",,"Sophocles",,"Sophocles",,"male",
"Stanley Casson",,"Stanley","Casson","NA","NA","male",
"Stefan Bollmann",,"Stefan","Bollmann","Stefan","Bollmann","male",
"Stendhal",,"Stendhal",,"NA","NA","male",
"Stephen Jay Gould",,"Stephen","Jay Gould","Stephen","Jay Gould","male",
"Stephen Lloyd Jones",,"Stephen","Lloyd Jones","Stephen","Lloyd Jones","male",
"Stephen R. Bown",,"Stephen","R. Bown","Stephen","R. Bown","male",
"Steven Johnson",,"Steven","Johnson","Steven","Johnson","male",
"Steven Moore",,"Steven","Moore","Steven","Moore","male",
"Steven Pinker",,"Steven","Pinker","Steven","Pinker","male",
"Ted Anderson",,"Ted","Anderson","Ted","Anderson","male",
"Tendai Huchu",,"NA","NA","Tendai","Huchu","male",
"Terry Pratchett",,"Terry","Pratchett","Terry","Pratchett","male",
"Thomas King",,"Thomas","King","Thomas","King","male",
"Thomas Kohnstamm",,"Thomas","Kohnstamm","Thomas","Kohnstamm","male",
"Thomas Love Peacock",,"Thomas","Love Peacock","NA","NA","male",
"Thomas M. Disch",,"Thomas","M. Disch","Thomas","M. Disch","male",
"Thomas Mofolo",,"NA","NA","Thomas","Mofolo","male",
"Thomas Olde Heuvelt",,"Thomas","Olde Heuvelt","Thomas","Olde Heuvelt","male",
"Thomas Paine",,"Thomas","Paine","Thomas","Paine","male",
"Tim DeRoche",,"Tim","DeRoche","Tim","DeRoche","male",
"Tim Marshall",,"NA","NA","Tim","Marshall","male",
"Tim O'Brien",,"Tim","O'Brien","Tim","O'Brien","male",
"Timothy Egan",,"Timothy","Egan","Timothy","Egan","male",
"Tommy Orange",,"Tommy","Orange","NA","NA","male",
"Tucker Lieberman",,"Tucker","Lieberman","NA","NA","male",
"Vernor Vinge",,"Vernor","Vinge","Vernor","Vinge","male",
"Victor Hugo",,"Victor","Hugo","NA","NA","male",
"Victor LaValle",,"Victor","LaValle","Victor","LaValle","male",
"Vine Deloria Jr.",,"Vine","Deloria Jr.","Vine","Deloria Jr.","male",
"Wade Miller",,"Wade","Miller","NA","NA","male",
"Walter Echo-Hawk",,"Walter","Echo-Hawk","Walter","Echo-Hawk","male",
"Walter M. Miller Jr.",,"Walter","M. Miller Jr.","Walter","M. Miller Jr.","male",
"Walter Scott",,"Walter","Scott","NA","NA","male",
"Warsan Shire",,"Warsan","Shire","Warsan","Shire","male",
"Wayne Grady",,"Wayne","Grady","Wayne","Grady","male",
"Wilkie Collins",,"Wilkie","Collins","Wilkie","Collins","male",
"Will Gompertz",,"Will","Gompertz","Will","Gompertz","male",
"William Gibson",,"NA","NA","William","Gibson","male",
"William Least Heat-Moon",,"William","Least Heat-Moon","NA","NA","male",
"William Shakespeare",,"William","Shakespeare","William","Shakespeare","male",
"Xavier Aldana  Reyes",,"Xavier","Aldana  Reyes","Xavier","Aldana  Reyes","male",
"Yonatan Kolatch",,"Yonatan","Kolatch","Yonatan","Kolatch","male",
"Akwaeke Emezi",,"Akwaeke","Emezi","Akwaeke","Emezi","other",
"Mallory Ortberg",,"Mallory","Ortberg","Mallory","Ortberg","other",
"Adrian Dingle","United Kingdom","Adrian","Dingle","NA","NA","male",
"Ajuma Oginga Odinga",,"NA","NA","Ajuma","Oginga Odinga","male",
"Akhil Reed Amar",,"NA","NA","Akhil","Reed Amar","male",
"Alain Mabanckou",,"NA","NA","Alain","Mabanckou","male",
"Ama Ata Aidoo",,"NA","NA","Ama","Ata Aidoo","female",
"Ambelin Kwaymullina",,"Ambelin","Kwaymullina","NA","NA","female",
"Amir Tag Elsir","Sudan","Amir","Tag Elsir","NA","NA","male",
"Amu Djoleto",,"NA","NA","Amu","Djoleto","male",
"Arika Okrent",,"Arika","Okrent","Arika","Okrent","female",
"Atef Abu Saif",,"NA","NA","Atef","Abu Saif","male",
"Ato Quayson",,"NA","NA","Ato","Quayson","male",
"Augusto Macchetto",,"Augusto","Macchetto","Augusto","Macchetto","male",
"Avi",,"Avi",,"Avi",,"male",
"Ayesha Harruna Attah",,"NA","NA","Ayesha","Harruna Attah","female",
"Ayi Kwei Armah",,"NA","NA","Ayi","Kwei Armah","male",
"Ayọ̀bámi Adébáyọ̀",,"Ayọ̀bámi","Adébáyọ̀","Ayọ̀bámi","Adébáyọ̀","female",
"Balogun Ojetade",,"NA","NA","Balogun","Ojetade","male",
"Bernice L. McFadden",,"Bernice","L. McFadden","NA","NA","female",
"Bessie Head",,"NA","NA","Bessie","Head","female",
"Binyavanga Wainaina",,"NA","NA","Binyavanga","Wainaina","male",
"Books LLC",,"Books","LLC","Books","LLC",,
"Brit Bennett",,"Brit","Bennett","NA","NA","female",
"Britiffe Constable Skottowe",,"Britiffe","Constable Skottowe","NA","NA","male",
"Brooks D. Simpson",,"Brooks","D. Simpson","Brooks","D. Simpson","male",
"Buchi Emecheta",,"NA","NA","Buchi","Emecheta","female",
"Buki Papillon",,"NA","NA","Buki","Papillon","female",
"C. Daly King",,"C.","Daly King","NA","NA","male",
"C. Richard King",,"C.","Richard King","C.","Richard King","male",
"C.H.B. Kitchin",,"C.H.B.","Kitchin","NA","NA","male",
"C.S. Forester",,"C.S.","Forester","NA","NA","male",
"Camara Laye",,"NA","NA","Camara","Laye","male",
"Candice Millard",,"Candice","Millard","Candice","Millard","female",
"Cheikh Hamidou Kane",,"NA","NA","Cheikh","Hamidou Kane","male",
"Chibundu Onuzo",,"Chibundu","Onuzo","NA","NA","female",
"Chigozie Obioma",,"NA","NA","Chigozie","Obioma","male",
"Chinelo Okparanta",,"Chinelo","Okparanta","Chinelo","Okparanta","female",
"Chip Heath",,"Chip","Heath","Chip","Heath","male",
"Committee on the Status Contributions an",,"Committee","on the Status Contributions an","Committee","on the Status Contributions an",,
"Cory Doctorow",,"Cory","Doctorow","Cory","Doctorow","male",
"Cyprian Ekwensi",,"NA","NA","Cyprian","Ekwensi","male",
"D.K. Publishing",,"NA","NA","D.K.","Publishing",,
"D.L. Hughley",,"D.L.","Hughley","D.L.","Hughley","male",
"Dambudzo Marechera",,"NA","NA","Dambudzo","Marechera","male",
"Dayo Olopade",,"NA","NA","Dayo","Olopade","female",
"Dee Brown",,"Dee","Brown","Dee","Brown","female",
"Dermot Morrah",,"Dermot","Morrah","Dermot","Morrah","male",
"Dilman Dila",,"NA","NA","Dilman","Dila","male",
"DK Publishing",,"DK","Publishing","NA","NA",,
"Duane Niatum","United States","Duane","Niatum","NA","NA","male",
"E.C.R. Lorac",,"NA","NA","E.C.R.","Lorac","female",
"E.E. Sule",,"NA","NA","E.E.","Sule","male",
"Elechi Amadi",,"NA","NA","Elechi","Amadi","male",
"Erskine Childers",,"Erskine","Childers","NA","NA","male",
"Ettagale Blauer",,"Ettagale","Blauer","Ettagale","Blauer","female",
"Fiston Mwanza Mujila",,"NA","NA","Fiston","Mwanza Mujila","male",
"Frances F. Berdan",,"Frances","F. Berdan","Frances","F. Berdan","female",
"Frances Hodgson Burnett",,"Frances","Hodgson Burnett","Frances","Hodgson Burnett","female",
"Francis Lathom",,"Francis","Lathom","NA","NA","male",
"Gabriel Okara",,"NA","NA","Gabriel","Okara","male",
"Gail Carson Levine",,"Gail","Carson Levine","Gail","Carson Levine","female",
"Gene Wolfe",,"NA","NA","Gene","Wolfe","male",
"Gil North",,"NA","NA","Gil","North","male",
"Gina Kolata",,"Gina","Kolata","Gina","Kolata","female",
"Gino Wickman",,"NA","NA","Gino","Wickman","male",
"Grady Hendrix",,"Grady","Hendrix","Grady","Hendrix","male",
"Greil Marcus",,"NA","NA","Greil","Marcus","male",
"Greville G. Corbett",,"Greville","G. Corbett","NA","NA","male",
"Hillary Waugh",,"Hillary","Waugh","NA","NA","male",
"Ibi Zoboi",,"Ibi","Zoboi","NA","NA","female",
"Illona Linthwaite",,"Illona","Linthwaite","Illona","Linthwaite","female",
"J. Jefferson Farjeon",,"NA","NA","J.","Jefferson Farjeon","male",
"J. Maarten Troost",,"J.","Maarten Troost","J.","Maarten Troost","male",
"Jana Riess",,"Jana","Riess","Jana","Riess","female",
"Jean Thompson",,"Jean","Thompson","Jean","Thompson","female",
"Jô Soares",,"Jô","Soares","NA","NA","male",
"Jostein Gaarder",,"Jostein","Gaarder","Jostein","Gaarder","male",
"Julian Symons",,"Julian","Symons","Julian","Symons","male",
"Kai Ashante Wilson",,"NA","NA","Kai","Ashante Wilson","male",
"Kaouther Adimi",,"NA","NA","Kaouther","Adimi","female",
"Keezy Young",,"Keezy","Young","Keezy","Young","other",
"Keisuke Matsuoka",,"Keisuke","Matsuoka","NA","NA","male",
"Ken Saro-Wiwa",,"NA","NA","Ken","Saro-Wiwa","male",
"Kiese Laymon",,"Kiese","Laymon","NA","NA","male",
"Kiran Millwood Hargrave",,"NA","NA","Kiran","Millwood Hargrave","female",
"Kiyoshi Kiyosawa",,"NA","NA","Kiyoshi","Kiyosawa","male",
"Kofi Aidoo",,"NA","NA","Kofi","Aidoo","male",
"Kopano Matlwa",,"Kopano","Matlwa","Kopano","Matlwa","female",
"Krishna-Dwaipayana Vyasa",,"Krishna-Dwaipayana","Vyasa","Krishna-Dwaipayana","Vyasa","male",
"Laurence Rees",,"Laurence","Rees","Laurence","Rees","male",
"Laurence Sterne",,"Laurence","Sterne","NA","NA","male",
"Lauri Kubuitsile",,"NA","NA","Lauri","Kubuitsile","female",
"Laxmi Prasad Devkota","Nepal","Laxmi","Prasad Devkota","NA","NA","male",
"Lee Maracle",,"Lee","Maracle","NA","NA","female",
"Lene Kaaberbøl",,"Lene","Kaaberbøl","Lene","Kaaberbøl","female",
"Lesley Lokko",,"NA","NA","Lesley","Lokko","female",
"Lesley Nneka Arimah","United Kingdom","Lesley","Nneka Arimah","NA","NA","female",
"Lil Bahadur Chettri","India","Lil","Bahadur Chettri","NA","NA","male",
"Lindsey Fitzharris",,"Lindsey","Fitzharris","Lindsey","Fitzharris","female",
"Lois Austen-Leigh",,"NA","NA","Lois","Austen-Leigh","female",
"Lois Lowry",,"Lois","Lowry","Lois","Lowry","female",
"Lonely Planet",,"Lonely","Planet","Lonely","Planet",,
"Lyndsay Faye",,"Lyndsay","Faye","Lyndsay","Faye","female",
"Lynn Brock",,"Lynn","Brock","NA","NA","male",
"M.R. Carey",,"M.R.","Carey","M.R.","Carey","male",
"Maaza Mengiste",,"NA","NA","Maaza","Mengiste","female",
"Mahlon B. Hoagland",,"Mahlon","B. Hoagland","Mahlon","B. Hoagland","male",
"Maj Sjöwall",,"Maj","Sjöwall","Maj","Sjöwall","female",
"Majok Tulba","Sudan","Majok","Tulba","Majok","Tulba","male",
"Makiko Nakano",,"NA","NA","Makiko","Nakano","female",
"Manal Al-Sharif",,"Manal","Al-Sharif","Manal","Al-Sharif","female",
"Marguerite Abouet",,"Marguerite","Abouet","Marguerite","Abouet","female",
"Marion Dane Bauer",,"Marion","Dane Bauer","Marion","Dane Bauer","female",
"Mavis Doriel Hay",,"NA","NA","Mavis","Doriel Hay","female",
"Maxine Rose Schur",,"NA","NA","Maxine","Rose Schur","female",
"Mayo Clinic",,"Mayo","Clinic","Mayo","Clinic",,
"Mbulelo Vizikhungo Mzamane",,"NA","NA","Mbulelo","Vizikhungo Mzamane","male",
"Micah D. Halpern",,"Micah","D. Halpern","Micah","D. Halpern","male",
"Michitsuna no Haha",,"NA","NA","Michitsuna","no Haha","female",
"Mimi Matthews",,"Mimi","Matthews","NA","NA","female",
"Mitiarjuk Nappaaluk",,"Mitiarjuk","Nappaaluk","NA","NA","female",
"Modisana Mosweu",,"NA","NA","Modisana","Mosweu",,
"Mort Rosenblum",,"Mort","Rosenblum","Mort","Rosenblum","male",
"Mtutuzeli Matshoba",,"NA","NA","Mtutuzeli","Matshoba","male",
"Murasaki Shikibu",,"NA","NA","Murasaki","Shikibu","female",
"N. Scott Momaday","United States","N.","Scott Momaday","NA","NA","male",
"Nadifa Mohamed",,"Nadifa","Mohamed","Nadifa","Mohamed","female",
"Nagabe",,"Nagabe",,"Nagabe",,,
"Namina Forna",,"NA","NA","Namina","Forna","female",
"Nega Mezlekia","Ethiopia","NA","NA","Nega","Mezlekia","male","Black"
"Nell Irvin Painter","United States","NA","NA","Nell","Irvin Painter","female","White"
"Nevanji Madanhire","Zimbabwe","NA","NA","Nevanji","Madanhire","male","Black"
"Ngũgĩ wa Thiong'o","Kenya","NA","NA","Ngũgĩ","wa Thiong'o","male","Black"
"Nicola Yoon","Jamaica","Nicola","Yoon","NA","NA","female","Black"
"Novuyo Rosa Tshuma","Zimbabwe","Novuyo","Rosa Tshuma","NA","NA","female","Black"
"Nurit Karlin","Israel","Nurit","Karlin","Nurit","Karlin","female","White"
"Nuruddin Farah","Somalia","Nuruddin","Farah","Nuruddin","Farah","male","Black"
"Nyuol Lueth Tong","South Sudan","NA","NA","Nyuol","Lueth Tong","male","Black"
"ONE",,"ONE",,"ONE",,,
"Ora Band",,"Ora","Band","Ora","Band","female",
"Ousmane Sembène","Senegal","NA","NA","Ousmane","Sembène","male","Black"
"Patrisse Khan-Cullors","United States","Patrisse","Khan-Cullors","Patrisse","Khan-Cullors","female","Black"
"Paule Marshall","United States","NA","NA","Paule","Marshall","female","Black"
"Pema Chödrön","United States","Pema","Chödrön","Pema","Chödrön","female","White"
"Pendleton Ward","United States","Pendleton","Ward","Pendleton","Ward","male","White"
"Petina Gappah","Zambia","Petina","Gappah","Petina","Gappah","female","Black"
"Pusch Commey","Ghana","NA","NA","Pusch","Commey","male","Black"
"Pusch Komiete Commey","Ghana","NA","NA","Pusch","Komiete Commey","male","Black"
"R.A.V. Morris","United Kingdom","NA","NA","R.A.V.","Morris","male","White"
"Rashad Harrison","United States","Rashad","Harrison","NA","NA","male","Black"
"Red Christmas Publication",,"NA","NA","Red","Christmas Publication",,
"Reni Eddo-Lodge","United Kingdom","Reni","Eddo-Lodge","Reni","Eddo-Lodge","female","Black"
"Riad Sattouf","France","NA","NA","Riad","Sattouf","male","Middle Eastern"
"Rien Poortvliet","Netherlands","Rien","Poortvliet","NA","NA","male","White"
"Rii Abrego","United States","NA","NA","Rii","Abrego","Non-binary","White"
"Rivers Solomon","United States","Rivers","Solomon","NA","NA","female","Black"
"Samrat Upadhyay","Nepal","Samrat","Upadhyay","NA","NA","male","Asian"
"Shelley Smith","United States","Shelley","Smith","NA","NA","female","White"
"Shěn Fù","China","Shěn","Fù","NA","NA","male","Asian"
"Sheree Thomas","United States","NA","NA","Sheree","Thomas","female","Black"
"Sheri Holman","United States","NA","NA","Sheri","Holman","female","White"
"Sierra Crane Murdoch","United States","NA","NA","Sierra","Crane Murdoch","female","White"
"Sonali Dev",,"NA","NA","Sonali","Dev","female","Asian"
"Stacy King","United States","Stacy","King","Stacy","King","male","Black"
"Stanlake Samkange","Zimbabwe","NA","NA","Stanlake","Samkange","male","Black"
"Sydney Owenson Morgan","Ireland","Sydney","Owenson Morgan","NA","NA","female","White"
"Sydney Padua","Canada","NA","NA","Sydney","Padua","female","White"
"Sydney Stahl Weinberg","United States","Sydney","Stahl Weinberg","Sydney","Stahl Weinberg","female","White"
"T. Christian Miller","United States","T.","Christian Miller","T.","Christian Miller","male","White"
"Taiye Selasi","United Kingdom","NA","NA","Taiye","Selasi","female","Black"
"Tanya Tagaq","Canada","Tanya","Tagaq","NA","NA","female","Black"
"Tayari Jones","United States","Tayari","Jones","NA","NA","female","Black"
"Téa Mutonji","Republic of the Congo","NA","NA","Téa","Mutonji","female","Black"
"Thabile Makue","Germany","NA","NA","Thabile","Makue","female","Black"
"Toni Cade Bambara","United States","NA","NA","Toni","Cade Bambara","female","Black"
"Tsitsi Dangarembga","Zimbabwe","NA","NA","Tsitsi","Dangarembga","female","Black"
"Unknown",,"Unknown",,"Unknown",,,
"Uwem Akpan","Nigeria","NA","NA","Uwem","Akpan","male","Black"
"Uzma Jalaluddin","Canada","Uzma","Jalaluddin","Uzma","Jalaluddin","female","Asian"
"Uzodinma Iweala","United States","NA","NA","Uzodinma","Iweala","male","Black"
"Wangari Maathai","Kenya","NA","NA","Wangari","Maathai","female","Black"
"Waris Dirie","Somalia","NA","NA","Waris","Dirie","female","Black"
"Wil Huygen","Netherlands","NA","NA","Wil","Huygen","male","White"
"Wole Soyinka","Nigeria","NA","NA","Wole","Soyinka","male","Black"
"Yewande Omotoso","Barbados","Yewande","Omotoso","NA","NA","female","Black"
"Zakes Mda","South Africa","NA","NA","Zakes","Mda","male","Black"
"Zukiswa Wanner","Zambia","NA","NA","Zukiswa","Wanner","female","Black"
