"author","auth_POB1","auth_POB2","personal.x","family.x","personal.y","family.y"
"A.A. Milne","unknown","","A.A.","Milne",NA,NA
"A.E.W. Mason","unknown","","A.E.W.","Mason",NA,NA
"Abby  Norman","unknown","","Abby"," Norman",NA,NA
"Abdellah Taïa",NA,NA,NA,NA,"Abdellah","Taïa"
"Abraham Joshua Heschel","unknown","","Abraham","Joshua Heschel","Abraham","Joshua Heschel"
"Ada Palmer","unknown","","Ada","Palmer","Ada","Palmer"
"Adam Roberts","London"," United Kingdom","Adam","Roberts","Adam","Roberts"
"Adin Even-Israel Steinsaltz","unknown","","Adin","Even-Israel Steinsaltz","Adin","Even-Israel Steinsaltz"
"Adrian Dingle","Barmouth"," United Kingdom","Adrian","Dingle",NA,NA
"Agatha Christie","unknown","","Agatha","Christie","Agatha","Christie"
"Ahmadou Kourouma",NA,NA,NA,NA,"Ahmadou","Kourouma"
"Ajuma Oginga Odinga",NA,NA,NA,NA,"Ajuma","Oginga Odinga"
"Akhil Reed Amar",NA,NA,NA,NA,"Akhil","Reed Amar"
"Akwaeke Emezi","unknown","","Akwaeke","Emezi","Akwaeke","Emezi"
"Alain Mabanckou",NA,NA,NA,NA,"Alain","Mabanckou"
"Alan Brennert","unknown","","Alan","Brennert","Alan","Brennert"
"Alan Moore",NA,NA,NA,NA,"Alan","Moore"
"Alberto Manguel","unknown","","Alberto","Manguel","Alberto","Manguel"
"Alex       Johnson","unknown","","Alex","      Johnson",NA,NA
"Alex Haley","unknown","","Alex","Haley","Alex","Haley"
"Alex La Guma",NA,NA,NA,NA,"Alex","La Guma"
"Alexander McCall Smith","unknown","","Alexander","McCall Smith","Alexander","McCall Smith"
"Alexandra David-Néel","unknown","","Alexandra","David-Néel","Alexandra","David-Néel"
"Alexandra Gent",NA,NA,NA,NA,"Alexandra","Gent"
"Alfred J. Kolatch","unknown","","Alfred","J. Kolatch","Alfred","J. Kolatch"
"Alfred Lansing","unknown","","Alfred","Lansing","Alfred","Lansing"
"Alice Walker","unknown","","Alice","Walker","Alice","Walker"
"Alison Weir","unknown","","Alison","Weir","Alison","Weir"
"Allan Edwin Rodway",NA,NA,NA,NA,"Allan","Edwin Rodway"
"Allan Metcalf","unknown","","Allan","Metcalf","Allan","Metcalf"
"Alyssa Cole","unknown","","Alyssa","Cole","Alyssa","Cole"
"Ama Ata Aidoo",NA,NA,NA,NA,"Ama","Ata Aidoo"
"Amanda Montell","unknown","","Amanda","Montell",NA,NA
"Ambelin Kwaymullina","unknown","","Ambelin","Kwaymullina",NA,NA
"Aminatta Forna","Bellshill"," United Kingdom","Aminatta","Forna","Aminatta","Forna"
"Amir Tag Elsir","Sudan","","Amir","Tag Elsir",NA,NA
"Amu Djoleto",NA,NA,NA,NA,"Amu","Djoleto"
"Amy Attorney Delpo","unknown","","Amy","Attorney Delpo","Amy","Attorney Delpo"
"Amy Tan","unknown","","Amy","Tan","Amy","Tan"
"Amy Thomson","unknown","","Amy","Thomson","Amy","Thomson"
"Andrew Forrester",NA,NA,NA,NA,"Andrew","Forrester"
"Andy Weir","unknown","","Andy","Weir","Andy","Weir"
"Angela Flournoy","unknown","","Angela","Flournoy",NA,NA
"Angie Thomas","unknown","","Angie","Thomas",NA,NA
"Anita Diamant","unknown","","Anita","Diamant","Anita","Diamant"
"Ann Leckie","unknown","","Ann","Leckie",NA,NA
"Ann M. Martin",NA,NA,NA,NA,"Ann","M. Martin"
"Ann Radcliffe","unknown","","Ann","Radcliffe",NA,NA
"Ann Turner","unknown","","Ann","Turner","Ann","Turner"
"Anna Siewierska","unknown","","Anna","Siewierska",NA,NA
"Anne  Meredith",NA,NA,NA,NA,"Anne"," Meredith"
"Anne Brontë","unknown","","Anne","Brontë","Anne","Brontë"
"Anne Fadiman","unknown","","Anne","Fadiman","Anne","Fadiman"
"Anne Frank","unknown","","Anne","Frank","Anne","Frank"
"Annelie Wendeberg","unknown","","Annelie","Wendeberg","Annelie","Wendeberg"
"Anthony Wynne",NA,NA,NA,NA,"Anthony","Wynne"
"Antoine de Saint-Exupéry","unknown","","Antoine","de Saint-Exupéry","Antoine","de Saint-Exupéry"
"Anton Treuer","unknown","","Anton","Treuer","Anton","Treuer"
"Ariel Levy","unknown","","Ariel","Levy","Ariel","Levy"
"Arika Okrent","unknown","","Arika","Okrent","Arika","Okrent"
"Art Spiegelman","unknown","","Art","Spiegelman","Art","Spiegelman"
"Arthur  Miller","unknown","","Arthur"," Miller","Arthur"," Miller"
"Arthur Allen","unknown","","Arthur","Allen","Arthur","Allen"
"Arthur C. Clarke","unknown","","Arthur","C. Clarke","Arthur","C. Clarke"
"Arthur C. Danto","unknown","","Arthur","C. Danto","Arthur","C. Danto"
"Arthur Conan Doyle","unknown","","Arthur","Conan Doyle","Arthur","Conan Doyle"
"Asha Kanwar",NA,NA,NA,NA,"Asha","Kanwar"
"Astrid Lindgren","unknown","","Astrid","Lindgren","Astrid","Lindgren"
"Atef Abu Saif",NA,NA,NA,NA,"Atef","Abu Saif"
"Ato Quayson",NA,NA,NA,NA,"Ato","Quayson"
"Attica Locke","unknown","","Attica","Locke",NA,NA
"Audre Lorde","unknown","","Audre","Lorde",NA,NA
"Audrey Niffenegger","unknown","","Audrey","Niffenegger","Audrey","Niffenegger"
"Augustine of Hippo","unknown","","Augustine","of Hippo","Augustine","of Hippo"
"Augusto Macchetto","unknown","","Augusto","Macchetto","Augusto","Macchetto"
"Avi","unknown","","Avi","","Avi",""
"Ayaan Hirsi Ali","unknown","","Ayaan","Hirsi Ali","Ayaan","Hirsi Ali"
"Ayesha Harruna Attah",NA,NA,NA,NA,"Ayesha","Harruna Attah"
"Ayi Kwei Armah",NA,NA,NA,NA,"Ayi","Kwei Armah"
"Ayn Rand","unknown","","Ayn","Rand","Ayn","Rand"
"Ayọ̀bámi Adébáyọ̀","unknown","","Ayọ̀bámi","Adébáyọ̀","Ayọ̀bámi","Adébáyọ̀"
"Balogun Ojetade",NA,NA,NA,NA,"Balogun","Ojetade"
"Barbara Dancygier","unknown","","Barbara","Dancygier",NA,NA
"Barbara Ehrenreich","unknown","","Barbara","Ehrenreich","Barbara","Ehrenreich"
"Barbara Graymont","unknown","","Barbara","Graymont",NA,NA
"Barbara Haber","unknown","","Barbara","Haber","Barbara","Haber"
"Barbara Kingsolver","unknown","","Barbara","Kingsolver","Barbara","Kingsolver"
"Barbara Vine","unknown","","Barbara","Vine",NA,NA
"Barry  Deutsch","unknown","","Barry"," Deutsch","Barry"," Deutsch"
"Barry Denenberg","unknown","","Barry","Denenberg","Barry","Denenberg"
"Barry J. Blake","unknown","","Barry","J. Blake",NA,NA
"Barry W. Holtz","unknown","","Barry","W. Holtz","Barry","W. Holtz"
"Bart D. Ehrman","unknown","","Bart","D. Ehrman","Bart","D. Ehrman"
"Basma Abdel Aziz","unknown","","Basma","Abdel Aziz","Basma","Abdel Aziz"
"Ben Aaronovitch","unknown","","Ben","Aaronovitch","Ben","Aaronovitch"
"Benjamin  Wallace","unknown","","Benjamin"," Wallace","Benjamin"," Wallace"
"Benjamin Hoff","unknown","","Benjamin","Hoff","Benjamin","Hoff"
"Bernard Comrie","unknown","","Bernard","Comrie",NA,NA
"Bernice L. McFadden","unknown","","Bernice","L. McFadden",NA,NA
"Bertrand Russell","unknown","","Bertrand","Russell","Bertrand","Russell"
"Bessie Head",NA,NA,NA,NA,"Bessie","Head"
"Beth Seidel Levine","unknown","","Beth","Seidel Levine","Beth","Seidel Levine"
"Betty  Smith","unknown","","Betty"," Smith","Betty"," Smith"
"Bill Bryson","unknown","","Bill","Bryson","Bill","Bryson"
"Binyavanga Wainaina",NA,NA,NA,NA,"Binyavanga","Wainaina"
"Blu Greenberg","unknown","","Blu","Greenberg","Blu","Greenberg"
"Bob Reiss","unknown","","Bob","Reiss",NA,NA
"Books LLC","unknown","","Books","LLC","Books","LLC"
"Boyd Tonkin",NA,NA,NA,NA,"Boyd","Tonkin"
"Bram Stoker","unknown","","Bram","Stoker","Bram","Stoker"
"Brandon Sanderson","unknown","","Brandon","Sanderson","Brandon","Sanderson"
"Brenda Fowler","unknown","","Brenda","Fowler","Brenda","Fowler"
"Brendan Ó Cathaoir","unknown","","Brendan","Ó Cathaoir","Brendan","Ó Cathaoir"
"Brit Bennett","unknown","","Brit","Bennett",NA,NA
"Britiffe Constable Skottowe","unknown","","Britiffe","Constable Skottowe",NA,NA
"Brooks D. Simpson","unknown","","Brooks","D. Simpson","Brooks","D. Simpson"
"Bruce Feiler","unknown","","Bruce","Feiler","Bruce","Feiler"
"Bryan Sykes","unknown","","Bryan","Sykes","Bryan","Sykes"
"Bryan Talbot",NA,NA,NA,NA,"Bryan","Talbot"
"Buchi Emecheta",NA,NA,NA,NA,"Buchi","Emecheta"
"Buki Papillon",NA,NA,NA,NA,"Buki","Papillon"
"C. Daly King","unknown","","C.","Daly King",NA,NA
"C. Richard King","unknown","","C.","Richard King","C.","Richard King"
"C.H.B. Kitchin","unknown","","C.H.B.","Kitchin",NA,NA
"C.S. Forester","unknown","","C.S.","Forester",NA,NA
"C.S. Lewis","unknown","","C.S.","Lewis","C.S.","Lewis"
"Camara Laye",NA,NA,NA,NA,"Camara","Laye"
"Candice Millard","unknown","","Candice","Millard","Candice","Millard"
"Carl Sagan","unknown","","Carl","Sagan","Carl","Sagan"
"Carl Zimmer","unknown","","Carl","Zimmer","Carl","Zimmer"
"Carlos Ruiz Zafón","unknown","","Carlos","Ruiz Zafón","Carlos","Ruiz Zafón"
"Carol  Anderson","unknown","","Carol"," Anderson","Carol"," Anderson"
"Carol Ann Rinzler","unknown","","Carol","Ann Rinzler","Carol","Ann Rinzler"
"Caroline Criado Perez",NA,NA,NA,NA,"Caroline","Criado Perez"
"Caroline Criado-Pérez","unknown","","Caroline","Criado-Pérez",NA,NA
"Carolyn McCarthy","unknown","","Carolyn","McCarthy","Carolyn","McCarthy"
"Carolyn Meyer",NA,NA,NA,NA,"Carolyn","Meyer"
"Catharine Maria Sedgwick","unknown","","Catharine","Maria Sedgwick",NA,NA
"Celia Lowenthal",NA,NA,NA,NA,"Celia","Lowenthal"
"Chaim Potok","unknown","","Chaim","Potok","Chaim","Potok"
"Chaim Trachtman","unknown","","Chaim","Trachtman","Chaim","Trachtman"
"Charles C. Mann","unknown","","Charles","C. Mann","Charles","C. Mann"
"Charles Darwin","unknown","","Charles","Darwin","Charles","Darwin"
"Charles Dickens","unknown","","Charles","Dickens","Charles","Dickens"
"Charles Hoff",NA,NA,NA,NA,"Charles","Hoff"
"Charles Kingston",NA,NA,NA,NA,"Charles","Kingston"
"Charles Mungoshi",NA,NA,NA,NA,"Charles","Mungoshi"
"Charles Perrault","unknown","","Charles","Perrault","Charles","Perrault"
"Charles R. Johnson",NA,NA,NA,NA,"Charles","R. Johnson"
"Charles Stross","unknown","","Charles","Stross","Charles","Stross"
"Charlotte Brontë","unknown","","Charlotte","Brontë","Charlotte","Brontë"
"Charlotte E. Fonrobert","unknown","","Charlotte","E. Fonrobert","Charlotte","E. Fonrobert"
"Cheikh Hamidou Kane",NA,NA,NA,NA,"Cheikh","Hamidou Kane"
"Chester Himes","unknown","","Chester","Himes",NA,NA
"Chibundu Onuzo","unknown","","Chibundu","Onuzo",NA,NA
"Chigozie Obioma",NA,NA,NA,NA,"Chigozie","Obioma"
"Chimamanda Ngozi Adichie","unknown","","Chimamanda","Ngozi Adichie","Chimamanda","Ngozi Adichie"
"Chinelo Okparanta","unknown","","Chinelo","Okparanta","Chinelo","Okparanta"
"Chinua Achebe","unknown","","Chinua","Achebe","Chinua","Achebe"
"Chip Heath","unknown","","Chip","Heath","Chip","Heath"
"Christina Dalcher","unknown","","Christina","Dalcher","Christina","Dalcher"
"Christopher Booker","unknown","","Christopher","Booker",NA,NA
"Christopher Hastings","unknown","","Christopher","Hastings","Christopher","Hastings"
"Christopher Okigbo",NA,NA,NA,NA,"Christopher","Okigbo"
"Chuck Klosterman","unknown","","Chuck","Klosterman","Chuck","Klosterman"
"Claudia Rankine","unknown","","Claudia","Rankine",NA,NA
"Clemantine Wamariya","Kigali"," Rwanda","Clemantine","Wamariya",NA,NA
"Clint McElroy","unknown","","Clint","McElroy","Clint","McElroy"
"Colin M. Turnbull","unknown","","Colin","M. Turnbull","Colin","M. Turnbull"
"Colleen McCullough","unknown","","Colleen","McCullough","Colleen","McCullough"
"Colson Whitehead","unknown","","Colson","Whitehead","Colson","Whitehead"
"Committee on the Status Contributions an","unknown","","Committee","on the Status Contributions an","Committee","on the Status Contributions an"
"Conceição Evaristo",NA,NA,NA,NA,"Conceição","Evaristo"
"Connie Rose Porter","unknown","","Connie","Rose Porter","Connie","Rose Porter"
"Connie Willis","unknown","","Connie","Willis","Connie","Willis"
"Conor McCreery","unknown","","Conor","McCreery","Conor","McCreery"
"Corrie ten Boom","unknown","","Corrie","ten Boom","Corrie","ten Boom"
"Cory Doctorow","unknown","","Cory","Doctorow","Cory","Doctorow"
"Craig Phillips","unknown","","Craig","Phillips","Craig","Phillips"
"Craig Thompson","unknown","","Craig","Thompson","Craig","Thompson"
"Crystal S. Chan",NA,NA,NA,NA,"Crystal","S. Chan"
"Cynthia Leitich Smith","unknown","","Cynthia","Leitich Smith",NA,NA
"Cyprian Ekwensi",NA,NA,NA,NA,"Cyprian","Ekwensi"
"Cyril Hare","unknown","","Cyril","Hare",NA,NA
"D.K. Publishing",NA,NA,NA,NA,"D.K.","Publishing"
"D.L. Hughley","unknown","","D.L.","Hughley","D.L.","Hughley"
"Dalai Lama XIV","unknown","","Dalai","Lama XIV","Dalai","Lama XIV"
"Dale Spender","unknown","","Dale","Spender",NA,NA
"Dambudzo Marechera",NA,NA,NA,NA,"Dambudzo","Marechera"
"Dan Ariely","unknown","","Dan","Ariely","Dan","Ariely"
"Danez Smith","unknown","","Danez","Smith","Danez","Smith"
"Daniel C. Dennett","unknown","","Daniel","C. Dennett","Daniel","C. Dennett"
"Daniel Defoe","unknown","","Daniel","Defoe","Daniel","Defoe"
"Daniel H. Pink","unknown","","Daniel","H. Pink","Daniel","H. Pink"
"Daniel Handler","unknown","","Daniel","Handler","Daniel","Handler"
"Daniel Heath Justice","unknown","","Daniel","Heath Justice","Daniel","Heath Justice"
"Daniel James Brown","unknown","","Daniel","James Brown","Daniel","James Brown"
"Danielle Corsetto","unknown","","Danielle","Corsetto","Danielle","Corsetto"
"Danielle Ofri","unknown","","Danielle","Ofri","Danielle","Ofri"
"Danielle Teller","unknown","","Danielle","Teller","Danielle","Teller"
"Darrell Huff","unknown","","Darrell","Huff","Darrell","Huff"
"Dave Pelzer","unknown","","Dave","Pelzer","Dave","Pelzer"
"David   Coles",NA,NA,NA,NA,"David","  Coles"
"David  Shapiro","unknown","","David"," Shapiro","David"," Shapiro"
"David  Walton","unknown","","David"," Walton","David"," Walton"
"David Hurst Thomas","unknown","","David","Hurst Thomas","David","Hurst Thomas"
"David J. Morris","unknown","","David","J. Morris","David","J. Morris"
"David Laskin","unknown","","David","Laskin","David","Laskin"
"David Markson","unknown","","David","Markson","David","Markson"
"David Treuer","Washington"," D.C.","David","Treuer","David","Treuer"
"David von Drehle","unknown","","David","von Drehle","David","von Drehle"
"Dayo Olopade",NA,NA,NA,NA,"Dayo","Olopade"
"Debbie Dadey",NA,NA,NA,NA,"Debbie","Dadey"
"Dee Brown","unknown","","Dee","Brown","Dee","Brown"
"Dennis Brutus",NA,NA,NA,NA,"Dennis","Brutus"
"Dennis Prager","unknown","","Dennis","Prager","Dennis","Prager"
"Derek Bickerton","unknown","","Derek","Bickerton","Derek","Bickerton"
"Dermot Morrah","unknown","","Dermot","Morrah","Dermot","Morrah"
"Diana Wynne Jones",NA,NA,NA,NA,"Diana","Wynne Jones"
"Diane Ravitch","unknown","","Diane","Ravitch","Diane","Ravitch"
"Dilman Dila",NA,NA,NA,NA,"Dilman","Dila"
"DK Publishing","unknown","","DK","Publishing",NA,NA
"Donald R. Prothero","unknown","","Donald","R. Prothero","Donald","R. Prothero"
"Dorothy Gilman","unknown","","Dorothy","Gilman",NA,NA
"Dorothy L. Sayers","unknown","","Dorothy","L. Sayers",NA,NA
"Douglas Adams","unknown","","Douglas","Adams","Douglas","Adams"
"Douglas Preston","unknown","","Douglas","Preston","Douglas","Preston"
"Duane Niatum","Seattle"," WA","Duane","Niatum",NA,NA
"E. Nesbit","unknown","","E.","Nesbit","E.","Nesbit"
"E.C.R. Lorac",NA,NA,NA,NA,"E.C.R.","Lorac"
"E.E. Sule",NA,NA,NA,NA,"E.E.","Sule"
"Ebony Elizabeth Thomas",NA,NA,NA,NA,"Ebony","Elizabeth Thomas"
"Eden Robinson","unknown","","Eden","Robinson",NA,NA
"Edgar Rice Burroughs","unknown","","Edgar","Rice Burroughs",NA,NA
"Edith Holden",NA,NA,NA,NA,"Edith","Holden"
"Edmund Crispin","unknown","","Edmund","Crispin","Edmund","Crispin"
"Eduardo Bonilla-Silva","unknown","","Eduardo","Bonilla-Silva","Eduardo","Bonilla-Silva"
"Edward Eager","unknown","","Edward","Eager","Edward","Eager"
"Edward Grierson","unknown","","Edward","Grierson",NA,NA
"Edwin A. Abbott","unknown","","Edwin","A. Abbott","Edwin","A. Abbott"
"Eleanor Sleath","unknown","","Eleanor","Sleath",NA,NA
"Eleanor Taylor Bland","unknown","","Eleanor","Taylor Bland",NA,NA
"Elechi Amadi",NA,NA,NA,NA,"Elechi","Amadi"
"Elie Wiesel","unknown","","Elie","Wiesel","Elie","Wiesel"
"Eliza Parsons","unknown","","Eliza","Parsons",NA,NA
"Elizabeth  Little","unknown","","Elizabeth"," Little","Elizabeth"," Little"
"Elizabeth Gaskell","unknown","","Elizabeth","Gaskell",NA,NA
"Ellen Banda-Aaku",NA,NA,NA,NA,"Ellen","Banda-Aaku"
"Ellen Emerson White","unknown","","Ellen","Emerson White","Ellen","Emerson White"
"Ellen Wilkinson",NA,NA,NA,NA,"Ellen","Wilkinson"
"Ellery Queen","unknown","","Ellery","Queen",NA,NA
"Elliot N. Dorff","unknown","","Elliot","N. Dorff","Elliot","N. Dorff"
"Emily Brontë","unknown","","Emily","Brontë","Emily","Brontë"
"Emily Nussbaum","United States","","Emily","Nussbaum","Emily","Nussbaum"
"Emma Donoghue","unknown","","Emma","Donoghue","Emma","Donoghue"
"Emmanuel Dongala",NA,NA,NA,NA,"Emmanuel","Dongala"
"Eric Gansworth","unknown","","Eric","Gansworth",NA,NA
"Eric Shanower","unknown","","Eric","Shanower","Eric","Shanower"
"Erik Larson","unknown","","Erik","Larson",NA,NA
"Erik Sass","unknown","","Erik","Sass","Erik","Sass"
"Erin Meyer","unknown","","Erin","Meyer","Erin","Meyer"
"Erin Pizzey","unknown","","Erin","Pizzey",NA,NA
"Ernest Cline",NA,NA,NA,NA,"Ernest","Cline"
"Erskine Childers","unknown","","Erskine","Childers",NA,NA
"Esi Edugyan","Calgary"," Canada","Esi","Edugyan","Esi","Edugyan"
"Esosa Kolawole",NA,NA,NA,NA,"Esosa","Kolawole"
"Ettagale Blauer","unknown","","Ettagale","Blauer","Ettagale","Blauer"
"Ezekiel Mphahlele",NA,NA,NA,NA,"Ezekiel","Mphahlele"
"Faith Erin Hicks",NA,NA,NA,NA,"Faith","Erin Hicks"
"Ferdinand Oyono",NA,NA,NA,NA,"Ferdinand","Oyono"
"Fiston Mwanza Mujila",NA,NA,NA,NA,"Fiston","Mwanza Mujila"
"Flann O'Brien",NA,NA,NA,NA,"Flann","O'Brien"
"Flora Annie Steel","unknown","","Flora","Annie Steel","Flora","Annie Steel"
"Frances F. Berdan","unknown","","Frances","F. Berdan","Frances","F. Berdan"
"Frances Hodgson Burnett","unknown","","Frances","Hodgson Burnett","Frances","Hodgson Burnett"
"Francis Lathom","unknown","","Francis","Lathom",NA,NA
"Franco Moretti","unknown","","Franco","Moretti","Franco","Moretti"
"Frank Herbert","unknown","","Frank","Herbert",NA,NA
"Frank McCourt","unknown","","Frank","McCourt","Frank","McCourt"
"Franz Kafka","unknown","","Franz","Kafka","Franz","Kafka"
"Fred Van Lente","unknown","","Fred","Van Lente","Fred","Van Lente"
"Frederick C. Crews","unknown","","Frederick","C. Crews","Frederick","C. Crews"
"Fredrik Backman","unknown","","Fredrik","Backman","Fredrik","Backman"
"Freeman Wills Crofts",NA,NA,NA,NA,"Freeman","Wills Crofts"
"Gabriel Okara",NA,NA,NA,NA,"Gabriel","Okara"
"Gail Carson Levine","unknown","","Gail","Carson Levine","Gail","Carson Levine"
"Gary Chapman","unknown","","Gary","Chapman","Gary","Chapman"
"Gene Wolfe",NA,NA,NA,NA,"Gene","Wolfe"
"Geoffrey R. Stone","unknown","","Geoffrey","R. Stone","Geoffrey","R. Stone"
"George    Robinson","unknown","","George","   Robinson","George","   Robinson"
"George Bellairs","unknown","","George","Bellairs","George","Bellairs"
"George Eliot","unknown","","George","Eliot",NA,NA
"George Orwell","unknown","","George","Orwell","George","Orwell"
"George R.R. Martin","unknown","","George","R.R. Martin","George","R.R. Martin"
"George Takei",NA,NA,NA,NA,"George","Takei"
"Gerald Vizenor","Minneapolis"," MN","Gerald","Vizenor",NA,NA
"Gil North",NA,NA,NA,NA,"Gil","North"
"Gina Kolata","unknown","","Gina","Kolata","Gina","Kolata"
"Gino Wickman",NA,NA,NA,NA,"Gino","Wickman"
"Gloria Naylor",NA,NA,NA,NA,"Gloria","Naylor"
"Grace L. Dillon","unknown","","Grace","L. Dillon","Grace","L. Dillon"
"Grady Hendrix","unknown","","Grady","Hendrix","Grady","Hendrix"
"Greg Keyes","unknown","","Greg","Keyes","Greg","Keyes"
"Gregory  Hill","unknown","","Gregory"," Hill","Gregory"," Hill"
"Greil Marcus",NA,NA,NA,NA,"Greil","Marcus"
"Gretchen McCulloch",NA,NA,NA,NA,"Gretchen","McCulloch"
"Greville G. Corbett","unknown","","Greville","G. Corbett",NA,NA
"Gustave Flaubert","unknown","","Gustave","Flaubert",NA,NA
"Guy Delisle",NA,NA,NA,NA,"Guy","Delisle"
"Guy Deutscher","unknown","","Guy","Deutscher","Guy","Deutscher"
"H.G. Wells","unknown","","H.G.","Wells","H.G.","Wells"
"Harper Lee","unknown","","Harper","Lee","Harper","Lee"
"Harriet A. Washington","unknown","","Harriet","A. Washington","Harriet","A. Washington"
"Harriet Ann Jacobs","unknown","","Harriet","Ann Jacobs","Harriet","Ann Jacobs"
"Harriet Beecher Stowe","unknown","","Harriet","Beecher Stowe","Harriet","Beecher Stowe"
"Harriet Lerner","unknown","","Harriet","Lerner","Harriet","Lerner"
"Harry Kemelman","unknown","","Harry","Kemelman",NA,NA
"Hawa Abdi",NA,NA,NA,NA,"Hawa","Abdi"
"Hayim Halevy Donin","unknown","","Hayim","Halevy Donin","Hayim","Halevy Donin"
"Hazel Harrison","unknown","","Hazel","Harrison","Hazel","Harrison"
"Heinrich Harrer","unknown","","Heinrich","Harrer","Heinrich","Harrer"
"Helen Oyeyemi","unknown","","Helen","Oyeyemi","Helen","Oyeyemi"
"Helene Wecker","unknown","","Helene","Wecker","Helene","Wecker"
"Henry David Thoreau","unknown","","Henry","David Thoreau","Henry","David Thoreau"
"Henry Kisor","unknown","","Henry","Kisor","Henry","Kisor"
"Herman Wouk","unknown","","Herman","Wouk","Herman","Wouk"
"Hillary Waugh","unknown","","Hillary","Waugh",NA,NA
"Homer","unknown","","Homer","","Homer",""
"Hope Nicholson","Winnipeg"," Canada","Hope","Nicholson","Hope","Nicholson"
"Horace Walpole","unknown","","Horace","Walpole",NA,NA
"Iain Pears","unknown","","Iain","Pears","Iain","Pears"
"Ian Mortimer","unknown","","Ian","Mortimer","Ian","Mortimer"
"Ian Tregillis","unknown","","Ian","Tregillis","Ian","Tregillis"
"Ibi Zoboi","unknown","","Ibi","Zoboi",NA,NA
"Ibram X. Kendi",NA,NA,NA,NA,"Ibram","X. Kendi"
"Ijeoma Oluo","unknown","","Ijeoma","Oluo","Ijeoma","Oluo"
"Illona Linthwaite","unknown","","Illona","Linthwaite","Illona","Linthwaite"
"Imbolo Mbue","Limbe"," Cameroon","Imbolo","Mbue","Imbolo","Mbue"
"Irene Duke","unknown","","Irene","Duke","Irene","Duke"
"Irving Greenberg","unknown","","Irving","Greenberg","Irving","Greenberg"
"Isabel Greenberg","unknown","","Isabel","Greenberg","Isabel","Greenberg"
"Ishmael Beah",NA,NA,NA,NA,"Ishmael","Beah"
"Ishmael Reed","unknown","","Ishmael","Reed","Ishmael","Reed"
"Italo Calvino","unknown","","Italo","Calvino",NA,NA
"Ivan Turgenev","unknown","","Ivan","Turgenev",NA,NA
"J. Jefferson Farjeon",NA,NA,NA,NA,"J.","Jefferson Farjeon"
"J. Maarten Troost","unknown","","J.","Maarten Troost","J.","Maarten Troost"
"J.K. Rowling","unknown","","J.K.","Rowling","J.K.","Rowling"
"Jack Lynch","unknown","","Jack","Lynch","Jack","Lynch"
"Jack Mapanje",NA,NA,NA,NA,"Jack","Mapanje"
"Jack Miles","unknown","","Jack","Miles","Jack","Miles"
"Jacob Neusner","unknown","","Jacob","Neusner","Jacob","Neusner"
"Jacqueline Woodson","unknown","","Jacqueline","Woodson",NA,NA
"Jacques Tardi",NA,NA,NA,NA,"Jacques","Tardi"
"Jamaal May","unknown","","Jamaal","May",NA,NA
"James Abel","unknown","","James","Abel","James","Abel"
"James Commey",NA,NA,NA,NA,"James","Commey"
"James D. Doss","unknown","","James","D. Doss",NA,NA
"James Fenimore Cooper","unknown","","James","Fenimore Cooper",NA,NA
"James Finn Garner","unknown","","James","Finn Garner","James","Finn Garner"
"James Hogg","unknown","","James","Hogg",NA,NA
"James L. Kugel","unknown","","James","L. Kugel","James","L. Kugel"
"James W. Loewen","unknown","","James","W. Loewen","James","W. Loewen"
"James Welch","unknown","","James","Welch",NA,NA
"James White","unknown","","James","White",NA,NA
"Jana Riess","unknown","","Jana","Riess","Jana","Riess"
"Jane Austen","unknown","","Jane","Austen","Jane","Austen"
"Jane Davenport","unknown","","Jane","Davenport","Jane","Davenport"
"Jane Smiley","unknown","","Jane","Smiley",NA,NA
"Janet Beeler Shaw","unknown","","Janet","Beeler Shaw","Janet","Beeler Shaw"
"Janet Campbell Hale","Riverside"," CA","Janet","Campbell Hale",NA,NA
"Jasmine Guillory","unknown","","Jasmine","Guillory",NA,NA
"Jason  Stearns","unknown","","Jason"," Stearns","Jason"," Stearns"
"Jason Reynolds","unknown","","Jason","Reynolds",NA,NA
"Jasper Fforde","unknown","","Jasper","Fforde","Jasper","Fforde"
"Jay Hosler","unknown","","Jay","Hosler","Jay","Hosler"
"jayy dodd","unknown","","jayy","dodd",NA,NA
"Jean Thompson","unknown","","Jean","Thompson","Jean","Thompson"
"Jean Toomer","unknown","","Jean","Toomer","Jean","Toomer"
"Jeanne Wakatsuki Houston","unknown","","Jeanne","Wakatsuki Houston","Jeanne","Wakatsuki Houston"
"Jennifer Clement","unknown","","Jennifer","Clement","Jennifer","Clement"
"Jennifer Nansubuga Makumbi","unknown","","Jennifer","Nansubuga Makumbi","Jennifer","Nansubuga Makumbi"
"Jennifer Worth","unknown","","Jennifer","Worth","Jennifer","Worth"
"Jeremy Love","unknown","","Jeremy","Love","Jeremy","Love"
"Jeremy Sorese","unknown","","Jeremy","Sorese","Jeremy","Sorese"
"Jerome D. Schein","unknown","","Jerome","D. Schein","Jerome","D. Schein"
"Jerry A. Coyne","unknown","","Jerry","A. Coyne","Jerry","A. Coyne"
"Jesmyn Ward","unknown","","Jesmyn","Ward",NA,NA
"Jessa Crispin","unknown","","Jessa","Crispin","Jessa","Crispin"
"Jessica Shattuck","unknown","","Jessica","Shattuck","Jessica","Shattuck"
"Jim  Murphy","unknown","","Jim"," Murphy","Jim"," Murphy"
"Jim Ottaviani",NA,NA,NA,NA,"Jim","Ottaviani"
"Jo Nesbø","unknown","","Jo","Nesbø","Jo","Nesbø"
"Jô Soares","unknown","","Jô","Soares",NA,NA
"Joe Haldeman","unknown","","Joe","Haldeman","Joe","Haldeman"
"Joe Simpson","unknown","","Joe","Simpson","Joe","Simpson"
"Joel Christian Gill",NA,NA,NA,NA,"Joel","Christian Gill"
"Joel Townsley Rogers","unknown","","Joel","Townsley Rogers",NA,NA
"John             Lewis",NA,NA,NA,NA,"John","            Lewis"
"John  Bingham","unknown","","John"," Bingham",NA,NA
"John A. Holm","unknown","","John","A. Holm","John","A. Holm"
"John Bude",NA,NA,NA,NA,"John","Bude"
"John D. Preston","unknown","","John","D. Preston","John","D. Preston"
"John Dickson Carr",NA,NA,NA,NA,"John","Dickson Carr"
"John Franklin Bardin","unknown","","John","Franklin Bardin",NA,NA
"John Knowles","unknown","","John","Knowles","John","Knowles"
"John L. Ransom",NA,NA,NA,NA,"John","L. Ransom"
"John McWhorter","unknown","","John","McWhorter","John","McWhorter"
"John Medina","unknown","","John","Medina","John","Medina"
"John Rowland",NA,NA,NA,NA,"John","Rowland"
"John Scalzi","unknown","","John","Scalzi","John","Scalzi"
"John Steinbeck","unknown","","John","Steinbeck","John","Steinbeck"
"John Stuart Mill","unknown","","John","Stuart Mill","John","Stuart Mill"
"John Sutherland","unknown","","John","Sutherland","John","Sutherland"
"Jonathan Case","unknown","","Jonathan","Case","Jonathan","Case"
"Jonathan Clements","unknown","","Jonathan","Clements","Jonathan","Clements"
"Jonathan Kahn","unknown","","Jonathan","Kahn","Jonathan","Kahn"
"Jonathan Stephenson","unknown","","Jonathan","Stephenson","Jonathan","Stephenson"
"Jonathan Swift","unknown","","Jonathan","Swift","Jonathan","Swift"
"Jorge Luis Borges","unknown","","Jorge","Luis Borges","Jorge","Luis Borges"
"Joseph Boyden","unknown","","Joseph","Boyden",NA,NA
"Joseph Bruchac","unknown","","Joseph","Bruchac",NA,NA
"Joseph Conrad","unknown","","Joseph","Conrad","Joseph","Conrad"
"Joseph L. Graves Jr.","unknown","","Joseph","L. Graves Jr.","Joseph","L. Graves Jr."
"Joseph L. Mbele",NA,NA,NA,NA,"Joseph","L. Mbele"
"Joseph Telushkin","unknown","","Joseph","Telushkin","Joseph","Telushkin"
"Josepha Sherman","unknown","","Josepha","Sherman","Josepha","Sherman"
"Joshua Hammer","unknown","","Joshua","Hammer",NA,NA
"Joshua Whitehead","unknown","","Joshua","Whitehead",NA,NA
"Jostein Gaarder","unknown","","Jostein","Gaarder","Jostein","Gaarder"
"Joy Harjo","Tulsa"," OK","Joy","Harjo",NA,NA
"Joyce Hansen","unknown","","Joyce","Hansen","Joyce","Hansen"
"Judith Flanders","unknown","","Judith","Flanders","Judith","Flanders"
"Judith Plaskow","unknown","","Judith","Plaskow","Judith","Plaskow"
"Judith R. Baskin","unknown","","Judith","R. Baskin","Judith","R. Baskin"
"Jules Verne","unknown","","Jules","Verne","Jules","Verne"
"Julia Serano","unknown","","Julia","Serano","Julia","Serano"
"Julian Symons","unknown","","Julian","Symons","Julian","Symons"
"Justin Cronin",NA,NA,NA,NA,"Justin","Cronin"
"Justin McElroy","unknown","","Justin","McElroy","Justin","McElroy"
"K.A. Applegate",NA,NA,NA,NA,"K.A.","Applegate"
"Kai Ashante Wilson",NA,NA,NA,NA,"Kai","Ashante Wilson"
"Kaitlyn Greenidge","unknown","","Kaitlyn","Greenidge",NA,NA
"Kaouther Adimi",NA,NA,NA,NA,"Kaouther","Adimi"
"Karen Armstrong","unknown","","Karen","Armstrong","Karen","Armstrong"
"Karen Lord",NA,NA,NA,NA,"Karen","Lord"
"Karl Friedrich Kahlert","unknown","","Karl","Friedrich Kahlert",NA,NA
"Katherena Vermette","unknown","","Katherena","Vermette","Katherena","Vermette"
"Katherine Applegate",NA,NA,NA,NA,"Katherine","Applegate"
"Kathleen Rooney",NA,NA,NA,NA,"Kathleen","Rooney"
"Kathryn Lasky","unknown","","Kathryn","Lasky","Kathryn","Lasky"
"Kathryn Stockett","unknown","","Kathryn","Stockett","Kathryn","Stockett"
"Keezy Young","unknown","","Keezy","Young","Keezy","Young"
"Keisuke Matsuoka","unknown","","Keisuke","Matsuoka",NA,NA
"Kelly Wels","unknown","","Kelly","Wels","Kelly","Wels"
"Ken Saro-Wiwa",NA,NA,NA,NA,"Ken","Saro-Wiwa"
"Kiese Laymon","unknown","","Kiese","Laymon",NA,NA
"Kiran Millwood Hargrave",NA,NA,NA,NA,"Kiran","Millwood Hargrave"
"Kiyoshi Kiyosawa",NA,NA,NA,NA,"Kiyoshi","Kiyosawa"
"Kofi Aidoo",NA,NA,NA,NA,"Kofi","Aidoo"
"Kopano Matlwa","unknown","","Kopano","Matlwa","Kopano","Matlwa"
"Kory Stamper","unknown","","Kory","Stamper","Kory","Stamper"
"Krishna-Dwaipayana Vyasa","unknown","","Krishna-Dwaipayana","Vyasa","Krishna-Dwaipayana","Vyasa"
"Kristiana Gregory","unknown","","Kristiana","Gregory","Kristiana","Gregory"
"Kurt Vonnegut","unknown","","Kurt","Vonnegut",NA,NA
"Kurt Vonnegut Jr.",NA,NA,NA,NA,"Kurt","Vonnegut Jr."
"Kyle Baker",NA,NA,NA,NA,"Kyle","Baker"
"L. Frank Baum","unknown","","L.","Frank Baum","L.","Frank Baum"
"L.M. Montgomery","unknown","","L.M.","Montgomery","L.M.","Montgomery"
"Lao Tzu","unknown","","Lao","Tzu","Lao","Tzu"
"Laura Ingalls Wilder","unknown","","Laura","Ingalls Wilder","Laura","Ingalls Wilder"
"Laura Lee Gulledge","unknown","","Laura","Lee Gulledge","Laura","Lee Gulledge"
"Lauren Beukes","Johannesburg"," South Africa","Lauren","Beukes","Lauren","Beukes"
"Laurence Rees","unknown","","Laurence","Rees","Laurence","Rees"
"Laurence Sterne","unknown","","Laurence","Sterne",NA,NA
"Laurence Yep","unknown","","Laurence","Yep","Laurence","Yep"
"Lauri Kubuitsile",NA,NA,NA,NA,"Lauri","Kubuitsile"
"Lawrence A. Hoffman","unknown","","Lawrence","A. Hoffman","Lawrence","A. Hoffman"
"Lawrence Fine","unknown","","Lawrence","Fine","Lawrence","Fine"
"Lawrence Goldstone","unknown","","Lawrence","Goldstone",NA,NA
"Lawrence Hill","unknown","","Lawrence","Hill","Lawrence","Hill"
"Laxmi Prasad Devkota","Kathmandu"," Nepal","Laxmi","Prasad Devkota",NA,NA
"Leah Hager Cohen","unknown","","Leah","Hager Cohen","Leah","Hager Cohen"
"Leanne Betasamosake Simpson",NA,NA,NA,NA,"Leanne","Betasamosake Simpson"
"Lee Maracle","unknown","","Lee","Maracle",NA,NA
"Leigh Bardugo","unknown","","Leigh","Bardugo","Leigh","Bardugo"
"Lemony Snicket",NA,NA,NA,NA,"Lemony","Snicket"
"Lene Kaaberbøl","unknown","","Lene","Kaaberbøl","Lene","Kaaberbøl"
"Leonard R. Gribble",NA,NA,NA,NA,"Leonard","R. Gribble"
"Leonard Richardson","unknown","","Leonard","Richardson","Leonard","Richardson"
"Lesley Lokko",NA,NA,NA,NA,"Lesley","Lokko"
"Lesley Nneka Arimah","London"," United Kingdom","Lesley","Nneka Arimah",NA,NA
"Leslie Marmon Silko","unknown","","Leslie","Marmon Silko","Leslie","Marmon Silko"
"Leslie Meier","unknown","","Leslie","Meier","Leslie","Meier"
"Lewis Carroll","unknown","","Lewis","Carroll","Lewis","Carroll"
"Lil Bahadur Chettri","Guwahati"," India","Lil","Bahadur Chettri",NA,NA
"Lila Bowen","unknown","","Lila","Bowen","Lila","Bowen"
"Lily Mabura",NA,NA,NA,NA,"Lily","Mabura"
"Lindsey Fitzharris","unknown","","Lindsey","Fitzharris","Lindsey","Fitzharris"
"Lois Austen-Leigh",NA,NA,NA,NA,"Lois","Austen-Leigh"
"Lois Lowry","unknown","","Lois","Lowry","Lois","Lowry"
"Lola Shoneyin","unknown","","Lola","Shoneyin","Lola","Shoneyin"
"Lonely Planet","unknown","","Lonely","Planet","Lonely","Planet"
"Louis Sachar","unknown","","Louis","Sachar","Louis","Sachar"
"Louisa May Alcott","unknown","","Louisa","May Alcott","Louisa","May Alcott"
"Louise Erdrich","unknown","","Louise","Erdrich","Louise","Erdrich"
"Lucy Worsley","unknown","","Lucy","Worsley","Lucy","Worsley"
"Lyndsay Faye","unknown","","Lyndsay","Faye","Lyndsay","Faye"
"Lynn Brock","unknown","","Lynn","Brock",NA,NA
"M.F.K. Fisher",NA,NA,NA,NA,"M.F.K.","Fisher"
"M.R. Carey","unknown","","M.R.","Carey","M.R.","Carey"
"Maaza Mengiste",NA,NA,NA,NA,"Maaza","Mengiste"
"Madeleine L'Engle","unknown","","Madeleine","L'Engle","Madeleine","L'Engle"
"Maggie Anton","unknown","","Maggie","Anton","Maggie","Anton"
"Mahlon B. Hoagland","unknown","","Mahlon","B. Hoagland","Mahlon","B. Hoagland"
"Maj Sjöwall","unknown","","Maj","Sjöwall","Maj","Sjöwall"
"Majok Tulba","Sudan","","Majok","Tulba","Majok","Tulba"
"Makiko Nakano",NA,NA,NA,NA,"Makiko","Nakano"
"Malla Nunn","Eswatini","","Malla","Nunn","Malla","Nunn"
"Mallory Ortberg","unknown","","Mallory","Ortberg","Mallory","Ortberg"
"Manal Al-Sharif","unknown","","Manal","Al-Sharif","Manal","Al-Sharif"
"Margalit Fox","unknown","","Margalit","Fox","Margalit","Fox"
"Margaret Atwood","unknown","","Margaret","Atwood","Margaret","Atwood"
"Margaret Kessler","unknown","","Margaret","Kessler","Margaret","Kessler"
"Margaret Millar","unknown","","Margaret","Millar",NA,NA
"Margaret S. Livingstone","unknown","","Margaret","S. Livingstone","Margaret","S. Livingstone"
"Margaret Sanger","unknown","","Margaret","Sanger",NA,NA
"Margaret Visser","unknown","","Margaret","Visser","Margaret","Visser"
"Margaret Wehrenberg","unknown","","Margaret","Wehrenberg","Margaret","Wehrenberg"
"Margaret Wilkerson Sexton","unknown","","Margaret","Wilkerson Sexton",NA,NA
"Marge Piercy",NA,NA,NA,NA,"Marge","Piercy"
"Marguerite Abouet","unknown","","Marguerite","Abouet","Marguerite","Abouet"
"Maria Edgeworth","unknown","","Maria","Edgeworth",NA,NA
"Mariama Bâ",NA,NA,NA,NA,"Mariama","Bâ"
"MariJo Moore","unknown","","MariJo","Moore",NA,NA
"Marion Dane Bauer","unknown","","Marion","Dane Bauer","Marion","Dane Bauer"
"Marissa Meyer","unknown","","Marissa","Meyer","Marissa","Meyer"
"Marjane Satrapi","unknown","","Marjane","Satrapi","Marjane","Satrapi"
"Marjorie Shostak","unknown","","Marjorie","Shostak","Marjorie","Shostak"
"Mark Abley","unknown","","Mark","Abley","Mark","Abley"
"Mark Forsyth","unknown","","Mark","Forsyth","Mark","Forsyth"
"Mark Twain","unknown","","Mark","Twain","Mark","Twain"
"Marlon James","unknown","","Marlon","James",NA,NA
"Marquis de Sade","unknown","","Marquis","de Sade",NA,NA
"Martin Edwards","unknown","","Martin","Edwards","Martin","Edwards"
"Mary  Kelly",NA,NA,NA,NA,"Mary"," Kelly"
"Mary Matsuda Gruenewald","unknown","","Mary","Matsuda Gruenewald","Mary","Matsuda Gruenewald"
"Mary Norton","unknown","","Mary","Norton","Mary","Norton"
"Mary Pope Osborne",NA,NA,NA,NA,"Mary","Pope Osborne"
"Mary Wollstonecraft Shelley","unknown","","Mary","Wollstonecraft Shelley",NA,NA
"Marya Hornbacher","unknown","","Marya","Hornbacher","Marya","Hornbacher"
"Mat Johnson","unknown","","Mat","Johnson","Mat","Johnson"
"Matt Madden",NA,NA,NA,NA,"Matt","Madden"
"Matt Ridley","unknown","","Matt","Ridley","Matt","Ridley"
"Matt Ruff","unknown","","Matt","Ruff","Matt","Ruff"
"Matthew Lewis","unknown","","Matthew","Lewis",NA,NA
"Matthew McIntosh","unknown","","Matthew","McIntosh","Matthew","McIntosh"
"Maurice Carlos Ruffin","New Orleans","","Maurice","Carlos Ruffin","Maurice","Carlos Ruffin"
"Mavis Doriel Hay",NA,NA,NA,NA,"Mavis","Doriel Hay"
"Max Gladstone","unknown","","Max","Gladstone","Max","Gladstone"
"Maxine Rose Schur",NA,NA,NA,NA,"Maxine","Rose Schur"
"Mayo Clinic","unknown","","Mayo","Clinic","Mayo","Clinic"
"Mbulelo Vizikhungo Mzamane",NA,NA,NA,NA,"Mbulelo","Vizikhungo Mzamane"
"Micah D. Halpern","unknown","","Micah","D. Halpern","Micah","D. Halpern"
"Michael       Schmidt",NA,NA,NA,NA,"Michael","      Schmidt"
"Michael    Gilbert",NA,NA,NA,NA,"Michael","   Gilbert"
"Michael Carasik","unknown","","Michael","Carasik","Michael","Carasik"
"Michael Chabon",NA,NA,NA,NA,"Michael","Chabon"
"Michael Crichton",NA,NA,NA,NA,"Michael","Crichton"
"Michael Ende","unknown","","Michael","Ende","Michael","Ende"
"Michael J. Benton","unknown","","Michael","J. Benton","Michael","J. Benton"
"Michael Pollan","unknown","","Michael","Pollan","Michael","Pollan"
"Michael Shermer","unknown","","Michael","Shermer","Michael","Shermer"
"Michitsuna no Haha",NA,NA,NA,NA,"Michitsuna","no Haha"
"Miguel de Cervantes Saavedra",NA,NA,NA,NA,"Miguel","de Cervantes Saavedra"
"Mike   Phillips","unknown","","Mike","  Phillips",NA,NA
"Mike Carey","unknown","","Mike","Carey","Mike","Carey"
"Mike Green","unknown","","Mike","Green","Mike","Green"
"Miles Burton",NA,NA,NA,NA,"Miles","Burton"
"Mimi Matthews","unknown","","Mimi","Matthews",NA,NA
"Mitiarjuk Nappaaluk","unknown","","Mitiarjuk","Nappaaluk",NA,NA
"Modisana Mosweu",NA,NA,NA,NA,"Modisana","Mosweu"
"Mort Rosenblum","unknown","","Mort","Rosenblum","Mort","Rosenblum"
"Mtutuzeli Matshoba",NA,NA,NA,NA,"Mtutuzeli","Matshoba"
"Murasaki Shikibu",NA,NA,NA,NA,"Murasaki","Shikibu"
"N. Scott Momaday","Lawton"," OK","N.","Scott Momaday",NA,NA
"N.K. Jemisin",NA,NA,NA,NA,"N.K.","Jemisin"
"Nadifa Mohamed","unknown","","Nadifa","Mohamed","Nadifa","Mohamed"
"Nagabe","unknown","","Nagabe","","Nagabe",""
"Nalo Hopkinson","unknown","","Nalo","Hopkinson","Nalo","Hopkinson"
"Namina Forna",NA,NA,NA,NA,"Namina","Forna"
"Namwali Serpell","Lusaka"," Zambia","Namwali","Serpell","Namwali","Serpell"
"Nancy Day","unknown","","Nancy","Day","Nancy","Day"
"Nancy Farmer","unknown","","Nancy","Farmer","Nancy","Farmer"
"Naomi Jackson","unknown","","Naomi","Jackson",NA,NA
"Naomi Novik","unknown","","Naomi","Novik","Naomi","Novik"
"Naomi Oreskes","unknown","","Naomi","Oreskes",NA,NA
"Naomi Wolf","unknown","","Naomi","Wolf",NA,NA
"Napoleon A. Chagnon","unknown","","Napoleon","A. Chagnon","Napoleon","A. Chagnon"
"Natan Slifkin","unknown","","Natan","Slifkin","Natan","Slifkin"
"Nathaniel Hawthorne","unknown","","Nathaniel","Hawthorne","Nathaniel","Hawthorne"
"Nathaniel Philbrick","unknown","","Nathaniel","Philbrick","Nathaniel","Philbrick"
"Neal Stephenson","unknown","","Neal","Stephenson","Neal","Stephenson"
"Nega Mezlekia",NA,NA,NA,NA,"Nega","Mezlekia"
"Neil Barron","unknown","","Neil","Barron","Neil","Barron"
"Neil Gaiman","unknown","","Neil","Gaiman","Neil","Gaiman"
"Nell Irvin Painter",NA,NA,NA,NA,"Nell","Irvin Painter"
"Nelson Mandela",NA,NA,NA,NA,"Nelson","Mandela"
"Nevanji Madanhire",NA,NA,NA,NA,"Nevanji","Madanhire"
"Ngũgĩ wa Thiong'o",NA,NA,NA,NA,"Ngũgĩ","wa Thiong'o"
"Nic Stone","unknown","","Nic","Stone",NA,NA
"Nicholas A. Basbanes","unknown","","Nicholas","A. Basbanes",NA,NA
"Nick Lane","unknown","","Nick","Lane","Nick","Lane"
"Nicola Yoon","unknown","","Nicola","Yoon",NA,NA
"Nikki Giovanni",NA,NA,NA,NA,"Nikki","Giovanni"
"Nina G. Jablonski","unknown","","Nina","G. Jablonski","Nina","G. Jablonski"
"Nisi Shawl","unknown","","Nisi","Shawl","Nisi","Shawl"
"Nnedi Okorafor","Cincinnati"," OH","Nnedi","Okorafor","Nnedi","Okorafor"
"Nora DeLoach","unknown","","Nora","DeLoach","Nora","DeLoach"
"Norton Juster","unknown","","Norton","Juster","Norton","Juster"
"Nosson Scherman","unknown","","Nosson","Scherman","Nosson","Scherman"
"NoViolet Bulawayo",NA,NA,NA,NA,"NoViolet","Bulawayo"
"Novuyo Rosa Tshuma","unknown","","Novuyo","Rosa Tshuma",NA,NA
"Nurit Karlin","unknown","","Nurit","Karlin","Nurit","Karlin"
"Nuruddin Farah","Baidoa"," Somalia","Nuruddin","Farah","Nuruddin","Farah"
"Nyuol Lueth Tong",NA,NA,NA,NA,"Nyuol","Lueth Tong"
"Octavia E. Butler","unknown","","Octavia","E. Butler","Octavia","E. Butler"
"Okot p'Bitek",NA,NA,NA,NA,"Okot","p'Bitek"
"Oliver Sacks","unknown","","Oliver","Sacks","Oliver","Sacks"
"ONE","unknown","","ONE","","ONE",""
"Ora Band","unknown","","Ora","Band","Ora","Band"
"Orson Scott Card","unknown","","Orson","Scott Card","Orson","Scott Card"
"Oscar Wilde","unknown","","Oscar","Wilde","Oscar","Wilde"
"Ousmane Sembène",NA,NA,NA,NA,"Ousmane","Sembène"
"Oyinkan Braithwaite","unknown","","Oyinkan","Braithwaite",NA,NA
"Pamela Regis","unknown","","Pamela","Regis",NA,NA
"Patricia C. McKissack","unknown","","Patricia","C. McKissack","Patricia","C. McKissack"
"Patricia C. Wrede","unknown","","Patricia","C. Wrede","Patricia","C. Wrede"
"Patrisse Khan-Cullors","unknown","","Patrisse","Khan-Cullors","Patrisse","Khan-Cullors"
"Paul A. Offit","unknown","","Paul","A. Offit","Paul","A. Offit"
"Paul Beatty","unknown","","Paul","Beatty",NA,NA
"Paul J. Hopper","unknown","","Paul","J. Hopper",NA,NA
"Paula Gunn Allen","Albuquerque"," NM","Paula","Gunn Allen",NA,NA
"Paule Marshall",NA,NA,NA,NA,"Paule","Marshall"
"Peg Meier","unknown","","Peg","Meier","Peg","Meier"
"Pema Chödrön","unknown","","Pema","Chödrön","Pema","Chödrön"
"Pendleton Ward","unknown","","Pendleton","Ward","Pendleton","Ward"
"Penelope Fitzgerald","unknown","","Penelope","Fitzgerald",NA,NA
"Peter  Abrahams",NA,NA,NA,NA,"Peter"," Abrahams"
"Peter Bagge",NA,NA,NA,NA,"Peter","Bagge"
"Peter C. Brown","unknown","","Peter","C. Brown","Peter","C. Brown"
"Peter D. Moore",NA,NA,NA,NA,"Peter","D. Moore"
"Peter Dickinson","unknown","","Peter","Dickinson",NA,NA
"Peter Mendelsund","unknown","","Peter","Mendelsund","Peter","Mendelsund"
"Peter Menzel","unknown","","Peter","Menzel","Peter","Menzel"
"Peter Shaffer",NA,NA,NA,NA,"Peter","Shaffer"
"Petina Gappah","Copperbelt Province"," Zambia","Petina","Gappah","Petina","Gappah"
"Philip Ball","unknown","","Philip","Ball","Philip","Ball"
"Philip Gourevitch","unknown","","Philip","Gourevitch","Philip","Gourevitch"
"Philip K. Dick","unknown","","Philip","K. Dick",NA,NA
"Philip Nel","unknown","","Philip","Nel","Philip","Nel"
"Phyllis A. Whitney","unknown","","Phyllis","A. Whitney","Phyllis","A. Whitney"
"Phyllis Rose","unknown","","Phyllis","Rose","Phyllis","Rose"
"Plato","unknown","","Plato","","Plato",""
"Pusch Commey",NA,NA,NA,NA,"Pusch","Commey"
"Pusch Komiete Commey",NA,NA,NA,NA,"Pusch","Komiete Commey"
"Qanta A. Ahmed","unknown","","Qanta","A. Ahmed","Qanta","A. Ahmed"
"R. Austin Freeman","unknown","","R.","Austin Freeman",NA,NA
"R.A.V. Morris",NA,NA,NA,NA,"R.A.V.","Morris"
"R.L. Stine",NA,NA,NA,NA,"R.L.","Stine"
"Rachel Biale","unknown","","Rachel","Biale","Rachel","Biale"
"Rachel Herz","unknown","","Rachel","Herz","Rachel","Herz"
"Randall Munroe","unknown","","Randall","Munroe","Randall","Munroe"
"Rashad Harrison","unknown","","Rashad","Harrison",NA,NA
"Ray Bradbury","unknown","","Ray","Bradbury","Ray","Bradbury"
"Raymond Postgate","unknown","","Raymond","Postgate","Raymond","Postgate"
"Rebecca Roanhorse","unknown","","Rebecca","Roanhorse",NA,NA
"Rebecca Skloot","unknown","","Rebecca","Skloot","Rebecca","Skloot"
"Rebecca Wells","unknown","","Rebecca","Wells","Rebecca","Wells"
"Red Christmas Publication",NA,NA,NA,NA,"Red","Christmas Publication"
"Reinhard W. Sander",NA,NA,NA,NA,"Reinhard","W. Sander"
"Reni Eddo-Lodge","unknown","","Reni","Eddo-Lodge","Reni","Eddo-Lodge"
"Reuven Hammer","unknown","","Reuven","Hammer","Reuven","Hammer"
"Riad Sattouf",NA,NA,NA,NA,"Riad","Sattouf"
"Richard  Adams","unknown","","Richard"," Adams",NA,NA
"Richard Dawkins","Nairobi"," Kenya","Richard","Dawkins","Richard","Dawkins"
"Richard E. Cytowic","unknown","","Richard","E. Cytowic","Richard","E. Cytowic"
"Richard Elliott Friedman","unknown","","Richard","Elliott Friedman","Richard","Elliott Friedman"
"Richard Francis","unknown","","Richard","Francis","Richard","Francis"
"Richard Holloway","unknown","","Richard","Holloway","Richard","Holloway"
"Richard Muhlberger","unknown","","Richard","Muhlberger","Richard","Muhlberger"
"Richard Platt","unknown","","Richard","Platt","Richard","Platt"
"Richard Rothstein",NA,NA,NA,NA,"Richard","Rothstein"
"Richard Wagamese","unknown","","Richard","Wagamese",NA,NA
"Rien Poortvliet","unknown","","Rien","Poortvliet",NA,NA
"Rii Abrego",NA,NA,NA,NA,"Rii","Abrego"
"Rivers Solomon","unknown","","Rivers","Solomon",NA,NA
"Roald Dahl","unknown","","Roald","Dahl","Roald","Dahl"
"Robert A. Heinlein","unknown","","Robert","A. Heinlein","Robert","A. Heinlein"
"Robert Charles Wilson","unknown","","Robert","Charles Wilson","Robert","Charles Wilson"
"Robert Frost","unknown","","Robert","Frost","Robert","Frost"
"Robert H. Rhodes",NA,NA,NA,NA,"Robert","H. Rhodes"
"Robert Holdstock","unknown","","Robert","Holdstock","Robert","Holdstock"
"Robert L. Wolke","unknown","","Robert","L. Wolke","Robert","L. Wolke"
"Robert Lacey",NA,NA,NA,NA,"Robert","Lacey"
"Robert Lane Greene","unknown","","Robert","Lane Greene","Robert","Lane Greene"
"Robert Player","unknown","","Robert","Player",NA,NA
"Robert Shea","unknown","","Robert","Shea","Robert","Shea"
"Robert Steven Gottfried","unknown","","Robert","Steven Gottfried","Robert","Steven Gottfried"
"Robin DiAngelo","unknown","","Robin","DiAngelo","Robin","DiAngelo"
"Roger Harms","unknown","","Roger","Harms","Roger","Harms"
"Roger Luckhurst",NA,NA,NA,NA,"Roger","Luckhurst"
"Roland Owen Laird Jr.",NA,NA,NA,NA,"Roland","Owen Laird Jr."
"Ron Goulart","unknown","","Ron","Goulart","Ron","Goulart"
"Ronald Knox","unknown","","Ronald","Knox",NA,NA
"Roxane Gay","unknown","","Roxane","Gay","Roxane","Gay"
"Roxanne Dunbar-Ortiz","unknown","","Roxanne","Dunbar-Ortiz","Roxanne","Dunbar-Ortiz"
"Roy S. Berns",NA,NA,NA,NA,"Roy","S. Berns"
"Roy Vickers","unknown","","Roy","Vickers","Roy","Vickers"
"Rudyard Kipling","unknown","","Rudyard","Kipling","Rudyard","Kipling"
"Ruha Benjamin",NA,NA,NA,NA,"Ruha","Benjamin"
"Rumi","unknown","","Rumi","","Rumi",""
"Ryan North","unknown","","Ryan","North","Ryan","North"
"Safiya Umoja Noble","unknown","","Safiya","Umoja Noble","Safiya","Umoja Noble"
"Saidiya Hartman","unknown","","Saidiya","Hartman","Saidiya","Hartman"
"Sally Berkovic","unknown","","Sally","Berkovic","Sally","Berkovic"
"Samrat Upadhyay","Kathmandu"," Nepal","Samrat","Upadhyay",NA,NA
"Sandra Uwiringiyimana",NA,NA,NA,NA,"Sandra","Uwiringiyimana"
"Sara Baume","unknown","","Sara","Baume","Sara","Baume"
"Sarah G. Thomason","unknown","","Sarah","G. Thomason",NA,NA
"Sarah Gerard","unknown","","Sarah","Gerard","Sarah","Gerard"
"Sarah McBride","unknown","","Sarah","McBride","Sarah","McBride"
"Scott  Meyer","unknown","","Scott"," Meyer","Scott"," Meyer"
"Scott Lynch","unknown","","Scott","Lynch","Scott","Lynch"
"Scott McCloud",NA,NA,NA,NA,"Scott","McCloud"
"Scott O'Dell","unknown","","Scott","O'Dell","Scott","O'Dell"
"Scott Sigler","unknown","","Scott","Sigler","Scott","Sigler"
"Sean B. Carroll","unknown","","Sean","B. Carroll","Sean","B. Carroll"
"Sean Mcevoy","unknown","","Sean","Mcevoy","Sean","Mcevoy"
"Seanan McGuire","unknown","","Seanan","McGuire","Seanan","McGuire"
"Shani Boianjiu","unknown","","Shani","Boianjiu","Shani","Boianjiu"
"Shaun Bythell",NA,NA,NA,NA,"Shaun","Bythell"
"Shelley Smith","unknown","","Shelley","Smith",NA,NA
"Shěn Fù","unknown","","Shěn","Fù",NA,NA
"Sheree Thomas",NA,NA,NA,NA,"Sheree","Thomas"
"Sheri Holman",NA,NA,NA,NA,"Sheri","Holman"
"Sherman Alexie","unknown","","Sherman","Alexie","Sherman","Alexie"
"Sherry Garland",NA,NA,NA,NA,"Sherry","Garland"
"Shoshana S. Bennett","unknown","","Shoshana","S. Bennett","Shoshana","S. Bennett"
"Sid Jacobson",NA,NA,NA,NA,"Sid","Jacobson"
"Siddhartha Mukherjee","unknown","","Siddhartha","Mukherjee","Siddhartha","Mukherjee"
"Sierra Crane Murdoch",NA,NA,NA,NA,"Sierra","Crane Murdoch"
"Simon J. Ortiz","Albuquerque"," NM","Simon","J. Ortiz",NA,NA
"Simon Singh","unknown","","Simon","Singh","Simon","Singh"
"Simon Winchester","unknown","","Simon","Winchester",NA,NA
"Solomon Northup","unknown","","Solomon","Northup","Solomon","Northup"
"Sonali Dev",NA,NA,NA,NA,"Sonali","Dev"
"Sophie  Goldstein","unknown","","Sophie"," Goldstein","Sophie"," Goldstein"
"Sophocles","unknown","","Sophocles","","Sophocles",""
"Stacy King","unknown","","Stacy","King","Stacy","King"
"Stanlake Samkange",NA,NA,NA,NA,"Stanlake","Samkange"
"Stanley Casson","unknown","","Stanley","Casson",NA,NA
"Stefan Bollmann","unknown","","Stefan","Bollmann","Stefan","Bollmann"
"Stendhal","unknown","","Stendhal","",NA,NA
"Stephen Jay Gould","unknown","","Stephen","Jay Gould","Stephen","Jay Gould"
"Stephen Lloyd Jones","unknown","","Stephen","Lloyd Jones","Stephen","Lloyd Jones"
"Stephen R. Bown","unknown","","Stephen","R. Bown","Stephen","R. Bown"
"Steven Johnson","unknown","","Steven","Johnson","Steven","Johnson"
"Steven Moore","unknown","","Steven","Moore","Steven","Moore"
"Steven Pinker","unknown","","Steven","Pinker","Steven","Pinker"
"Sue Burke","unknown","","Sue","Burke",NA,NA
"Sue Grafton","unknown","","Sue","Grafton","Sue","Grafton"
"Sue Nyathi","unknown","","Sue","Nyathi",NA,NA
"Susan A. Ambrose","unknown","","Susan","A. Ambrose","Susan","A. Ambrose"
"Susan Campbell Bartoletti","unknown","","Susan","Campbell Bartoletti","Susan","Campbell Bartoletti"
"Susan Deer Cloud","Livingston Manor"," NY","Susan","Deer Cloud",NA,NA
"Susan S. Adler",NA,NA,NA,NA,"Susan","S. Adler"
"Susannah Carson","unknown","","Susannah","Carson","Susannah","Carson"
"Suzanne Collins","unknown","","Suzanne","Collins","Suzanne","Collins"
"Sydney Owenson Morgan","unknown","","Sydney","Owenson Morgan",NA,NA
"Sydney Padua",NA,NA,NA,NA,"Sydney","Padua"
"Sydney Stahl Weinberg","unknown","","Sydney","Stahl Weinberg","Sydney","Stahl Weinberg"
"Sylvia Plath","unknown","","Sylvia","Plath","Sylvia","Plath"
"T. Christian Miller","unknown","","T.","Christian Miller","T.","Christian Miller"
"Taiye Selasi",NA,NA,NA,NA,"Taiye","Selasi"
"Tamar El-Or","unknown","","Tamar","El-Or","Tamar","El-Or"
"Tamora Pierce","unknown","","Tamora","Pierce","Tamora","Pierce"
"Tananarive Due","unknown","","Tananarive","Due","Tananarive","Due"
"Tanya Tagaq","unknown","","Tanya","Tagaq",NA,NA
"Tayari Jones","unknown","","Tayari","Jones",NA,NA
"Téa Mutonji",NA,NA,NA,NA,"Téa","Mutonji"
"Ted Anderson","unknown","","Ted","Anderson","Ted","Anderson"
"Tendai Huchu",NA,NA,NA,NA,"Tendai","Huchu"
"Terese Marie Mailhot","unknown","","Terese","Marie Mailhot",NA,NA
"Terry Pratchett","unknown","","Terry","Pratchett","Terry","Pratchett"
"Thabile Makue",NA,NA,NA,NA,"Thabile","Makue"
"Theodora Kroeber","unknown","","Theodora","Kroeber","Theodora","Kroeber"
"Therese Huston","unknown","","Therese","Huston","Therese","Huston"
"Thomas King","unknown","","Thomas","King","Thomas","King"
"Thomas Kohnstamm","unknown","","Thomas","Kohnstamm","Thomas","Kohnstamm"
"Thomas Love Peacock","unknown","","Thomas","Love Peacock",NA,NA
"Thomas M. Disch","unknown","","Thomas","M. Disch","Thomas","M. Disch"
"Thomas Mofolo",NA,NA,NA,NA,"Thomas","Mofolo"
"Thomas Olde Heuvelt","unknown","","Thomas","Olde Heuvelt","Thomas","Olde Heuvelt"
"Thomas Paine","unknown","","Thomas","Paine","Thomas","Paine"
"Tim DeRoche","unknown","","Tim","DeRoche","Tim","DeRoche"
"Tim Marshall",NA,NA,NA,NA,"Tim","Marshall"
"Tim O'Brien","unknown","","Tim","O'Brien","Tim","O'Brien"
"Timothy Egan","unknown","","Timothy","Egan","Timothy","Egan"
"Tomi Adeyemi","unknown","","Tomi","Adeyemi","Tomi","Adeyemi"
"Tommy Orange","unknown","","Tommy","Orange",NA,NA
"Toni Cade Bambara",NA,NA,NA,NA,"Toni","Cade Bambara"
"Toni Morrison","unknown","","Toni","Morrison","Toni","Morrison"
"Tracy L. Barr","unknown","","Tracy","L. Barr","Tracy","L. Barr"
"Trisha R. Thomas","unknown","","Trisha","R. Thomas",NA,NA
"Tsitsi Dangarembga",NA,NA,NA,NA,"Tsitsi","Dangarembga"
"Tucker Lieberman","unknown","","Tucker","Lieberman",NA,NA
"Unity Dow",NA,NA,NA,NA,"Unity","Dow"
"Unknown","unknown","","Unknown","","Unknown",""
"Ursula Dubosarsky","unknown","","Ursula","Dubosarsky","Ursula","Dubosarsky"
"Ursula K. Le Guin","unknown","","Ursula","K. Le Guin","Ursula","K. Le Guin"
"Uwem Akpan",NA,NA,NA,NA,"Uwem","Akpan"
"Uzma Jalaluddin","unknown","","Uzma","Jalaluddin","Uzma","Jalaluddin"
"Uzodinma Iweala",NA,NA,NA,NA,"Uzodinma","Iweala"
"Valerie Tripp",NA,NA,NA,NA,"Valerie","Tripp"
"Vernā Myers","unknown","","Vernā","Myers","Vernā","Myers"
"Vernor Vinge","unknown","","Vernor","Vinge","Vernor","Vinge"
"Victor Hugo","unknown","","Victor","Hugo",NA,NA
"Victor LaValle","unknown","","Victor","LaValle","Victor","LaValle"
"Vine Deloria Jr.","unknown","","Vine","Deloria Jr.","Vine","Deloria Jr."
"Virginia Woolf","unknown","","Virginia","Woolf","Virginia","Woolf"
"Wade Miller","unknown","","Wade","Miller",NA,NA
"Walter Echo-Hawk","unknown","","Walter","Echo-Hawk","Walter","Echo-Hawk"
"Walter M. Miller Jr.","unknown","","Walter","M. Miller Jr.","Walter","M. Miller Jr."
"Walter Scott","unknown","","Walter","Scott",NA,NA
"Wangari Maathai",NA,NA,NA,NA,"Wangari","Maathai"
"Waris Dirie",NA,NA,NA,NA,"Waris","Dirie"
"Warsan Shire","Kenya","","Warsan","Shire","Warsan","Shire"
"Wayne Grady","unknown","","Wayne","Grady","Wayne","Grady"
"Wil Huygen",NA,NA,NA,NA,"Wil","Huygen"
"Wilkie Collins","unknown","","Wilkie","Collins","Wilkie","Collins"
"Will Gompertz","unknown","","Will","Gompertz","Will","Gompertz"
"William Gibson",NA,NA,NA,NA,"William","Gibson"
"William Least Heat-Moon","unknown","","William","Least Heat-Moon",NA,NA
"William Shakespeare","unknown","","William","Shakespeare","William","Shakespeare"
"Wole Soyinka",NA,NA,NA,NA,"Wole","Soyinka"
"Xavier Aldana  Reyes","unknown","","Xavier","Aldana  Reyes","Xavier","Aldana  Reyes"
"Yaa Gyasi","unknown","","Yaa","Gyasi","Yaa","Gyasi"
"Yewande Omotoso","unknown","","Yewande","Omotoso",NA,NA
"Yonatan Kolatch","unknown","","Yonatan","Kolatch","Yonatan","Kolatch"
"Yvonne Vera",NA,NA,NA,NA,"Yvonne","Vera"
"Zadie Smith","unknown","","Zadie","Smith",NA,NA
"Zakes Mda",NA,NA,NA,NA,"Zakes","Mda"
"Zoë Wicomb","unknown","","Zoë","Wicomb","Zoë","Wicomb"
"Zora Neale Hurston","unknown","","Zora","Neale Hurston","Zora","Neale Hurston"
"Zukiswa Wanner",NA,NA,NA,NA,"Zukiswa","Wanner"
